,Date,Open,High,Low,Close,Volume,Dividends,Stock Splits,SMA10,SMA30,SMA50,RSI14
0,2021-04-22 00:00:00-04:00,247.1666717529297,251.2566680908203,239.34666442871094,239.89666748046875,106770900,0.0,0.0,,,,
1,2021-04-23 00:00:00-04:00,239.93333435058594,245.7866668701172,238.48666381835938,243.13333129882812,85110000,0.0,0.0,,,,
2,2021-04-26 00:00:00-04:00,247.0,249.76666259765625,244.20333862304688,246.06666564941406,93115500,0.0,0.0,,,,
3,2021-04-27 00:00:00-04:00,239.32000732421875,241.3333282470703,234.4499969482422,234.913330078125,88311000,0.0,0.0,,,,
4,2021-04-28 00:00:00-04:00,232.1366729736328,236.1666717529297,231.1999969482422,231.46665954589844,66813000,0.0,0.0,,,,
5,2021-04-29 00:00:00-04:00,233.1699981689453,234.0833282470703,222.8333282470703,225.6666717529297,86536200,0.0,0.0,,,,
6,2021-04-30 00:00:00-04:00,222.52999877929688,238.49000549316406,222.04666137695312,236.47999572753906,122276100,0.0,0.0,,,,
7,2021-05-03 00:00:00-04:00,234.60000610351562,235.3333282470703,226.8333282470703,228.3000030517578,81129300,0.0,0.0,,,,
8,2021-05-04 00:00:00-04:00,226.31333923339844,227.81666564941406,219.23333740234375,224.53334045410156,89217900,0.0,0.0,,,,
9,2021-05-05 00:00:00-04:00,227.02000427246094,228.43333435058594,222.44667053222656,223.64666748046875,65705700,0.0,0.0,233.41033325195312,,,
10,2021-05-06 00:00:00-04:00,226.9199981689453,227.0066680908203,216.6666717529297,221.17999267578125,83353800,0.0,0.0,231.53866577148438,,,
11,2021-05-07 00:00:00-04:00,221.93333435058594,230.0,220.07333374023438,224.1233367919922,70407600,0.0,0.0,229.63766632080078,,,
12,2021-05-10 00:00:00-04:00,221.63333129882812,221.68333435058594,209.20333862304688,209.67999267578125,94177200,0.0,0.0,225.9989990234375,,,
13,2021-05-11 00:00:00-04:00,199.74667358398438,209.03334045410156,198.53334045410156,205.73333740234375,139511700,0.0,0.0,223.08099975585938,,,
14,2021-05-12 00:00:00-04:00,200.8300018310547,206.80332946777344,195.58999633789062,196.6300048828125,101470800,0.0,0.0,219.5973342895508,,,19.489602909784296
15,2021-05-13 00:00:00-04:00,200.51333618164062,202.15333557128906,186.5500030517578,190.56333923339844,132554700,0.0,0.0,216.08700103759764,,,17.429702037656554
16,2021-05-14 00:00:00-04:00,194.47000122070312,197.6233367919922,190.15333557128906,196.5800018310547,100112700,0.0,0.0,212.0970016479492,,,25.805138355406285
17,2021-05-17 00:00:00-04:00,191.85000610351562,196.57666015625,187.06666564941406,192.27667236328125,97171200,0.0,0.0,208.49466857910156,,,23.93509223545169
18,2021-05-18 00:00:00-04:00,189.3333282470703,198.75,187.7933349609375,192.6233367919922,110491800,0.0,0.0,205.3036682128906,,,24.410315860684094
19,2021-05-19 00:00:00-04:00,184.18333435058594,188.73666381835938,182.32666015625,187.82000732421875,118735200,0.0,0.0,201.72100219726562,,,22.328724949132393
20,2021-05-20 00:00:00-04:00,191.6666717529297,196.28334045410156,190.35667419433594,195.5933380126953,92463300,0.0,0.0,199.16233673095704,,,32.37849785864161
21,2021-05-21 00:00:00-04:00,198.70333862304688,198.89332580566406,193.3333282470703,193.6266632080078,78091800,0.0,0.0,196.1126693725586,,,31.275903485619637
22,2021-05-24 00:00:00-04:00,193.86666870117188,204.82666015625,191.21665954589844,202.14666748046875,103674300,0.0,0.0,195.35933685302734,,,40.6974909751867
23,2021-05-25 00:00:00-04:00,202.43666076660156,204.663330078125,198.57000732421875,201.56333923339844,84017700,0.0,0.0,194.9423370361328,,,40.290230116903594
24,2021-05-26 00:00:00-04:00,202.52000427246094,208.72332763671875,200.5,206.3766632080078,85917900,0.0,0.0,195.91700286865233,,,45.16629419854227
25,2021-05-27 00:00:00-04:00,206.74667358398438,210.3766632080078,205.40333557128906,210.28334045410156,79111800,0.0,0.0,197.88900299072264,,,48.81951189551369
26,2021-05-28 00:00:00-04:00,209.5,211.8633270263672,207.4600067138672,208.4066619873047,68211000,0.0,0.0,199.07166900634766,,,47.19294454052822
27,2021-06-01 00:00:00-04:00,209.26666259765625,211.26666259765625,206.85000610351562,207.96665954589844,54254700,0.0,0.0,200.6406677246094,,,46.799242791786455
28,2021-06-02 00:00:00-04:00,206.7100067138672,207.7866668701172,199.7133331298828,201.7066650390625,69908400,0.0,0.0,201.54900054931642,,,41.49536610504847
29,2021-06-03 00:00:00-04:00,200.60000610351562,201.51666259765625,190.4066619873047,190.94667053222656,90335700,0.0,0.0,201.86166687011718,212.33100077311198,,34.299745310905806
30,2021-06-04 00:00:00-04:00,193.23666381835938,200.20333862304688,192.39999389648438,199.68333435058594,72110700,0.0,0.0,202.27066650390626,210.9905563354492,,42.95023660713432
31,2021-06-07 00:00:00-04:00,197.27667236328125,203.3333282470703,194.2933349609375,201.7100067138672,67631100,0.0,0.0,203.0790008544922,209.60977884928386,,44.76698617603097
32,2021-06-08 00:00:00-04:00,207.6699981689453,207.69667053222656,198.5,201.19667053222656,78160200,0.0,0.0,202.98400115966797,208.1141123453776,,44.381467087512185
33,2021-06-09 00:00:00-04:00,200.72332763671875,203.92999267578125,199.2100067138672,199.5933380126953,49753800,0.0,0.0,202.78700103759766,206.93677927652996,,43.13208607669263
34,2021-06-10 00:00:00-04:00,201.2933349609375,205.52999877929688,200.1666717529297,203.3733367919922,71758800,0.0,0.0,202.4866683959961,206.00033518473307,,46.92551358045726
35,2021-06-11 00:00:00-04:00,203.41000366210938,204.18666076660156,200.5066680908203,203.29666137695312,48615900,0.0,0.0,201.78800048828126,205.25466817220052,,46.85723408555149
36,2021-06-14 00:00:00-04:00,204.07666015625,208.49667358398438,203.05999755859375,205.89666748046875,61272000,0.0,0.0,201.53700103759766,204.23522389729817,,49.53852608441912
37,2021-06-15 00:00:00-04:00,205.56333923339844,205.59666442871094,199.41000366210938,199.7866668701172,53292300,0.0,0.0,200.71900177001953,203.28477935791017,,43.92926718132794
38,2021-06-16 00:00:00-04:00,199.17999267578125,202.8333282470703,197.8333282470703,201.6233367919922,66432300,0.0,0.0,200.7106689453125,202.52111256917317,,45.91188407462738
39,2021-06-17 00:00:00-04:00,200.6300048828125,207.1566619873047,200.44667053222656,205.53334045410156,68104200,0.0,0.0,202.1693359375,201.9173350016276,,49.967747820798884
40,2021-06-18 00:00:00-04:00,204.4566650390625,209.4499969482422,203.93333435058594,207.77000427246094,73682700,0.0,0.0,202.9780029296875,201.4703353881836,,52.17690887653975
41,2021-06-21 00:00:00-04:00,208.16000366210938,210.4633331298828,202.9600067138672,206.94332885742188,74438100,0.0,0.0,203.50133514404297,200.89766845703124,,51.27573577609475
42,2021-06-22 00:00:00-04:00,206.0833282470703,209.52333068847656,205.1666717529297,207.90333557128906,57476700,0.0,0.0,204.17200164794923,200.83844655354818,,52.30592786156856
43,2021-06-23 00:00:00-04:00,210.6666717529297,219.06666564941406,210.01333618164062,218.85667419433594,93297600,0.0,0.0,206.09833526611328,201.27589111328126,,62.141385330266594
44,2021-06-24 00:00:00-04:00,224.99667358398438,232.5399932861328,222.5366668701172,226.60667419433594,137947200,0.0,0.0,208.42166900634766,202.27511342366537,,67.282426880793
45,2021-06-25 00:00:00-04:00,229.86000061035156,231.27000427246094,222.89999389648438,223.9566650390625,97490100,0.0,0.0,210.4876693725586,203.38822428385416,,64.07817333282306
46,2021-06-28 00:00:00-04:00,223.8800048828125,231.56666564941406,223.44000244140625,229.57333374023438,64884600,0.0,0.0,212.85533599853517,204.48800201416014,,67.60013440328657
47,2021-06-29 00:00:00-04:00,228.21665954589844,229.1699981689453,225.29666137695312,226.9199981689453,52143900,0.0,0.0,215.56866912841798,205.6427795410156,,64.38845492283578
48,2021-06-30 00:00:00-04:00,226.58999633789062,230.93666076660156,226.04666137695312,226.56666564941406,56774700,0.0,0.0,218.06300201416016,206.77422383626302,,63.95272258741874
49,2021-07-01 00:00:00-04:00,227.97332763671875,229.3300018310547,224.26666259765625,225.97332763671875,55903500,0.0,0.0,220.10700073242188,208.046001180013,211.85386779785156,63.17952342056071
50,2021-07-02 00:00:00-04:00,226.32666015625,233.3333282470703,224.4199981689453,226.3000030517578,81163500,0.0,0.0,221.96000061035156,209.0695566813151,211.58193450927735,63.441594170379894
51,2021-07-06 00:00:00-04:00,227.23666381835938,228.0,217.13333129882812,219.86000061035156,69853500,0.0,0.0,223.25166778564454,209.94400126139323,211.1164678955078,55.11357039582786
52,2021-07-07 00:00:00-04:00,221.42333984375,221.89999389648438,212.77333068847656,214.88333129882812,56376000,0.0,0.0,223.94966735839844,210.3685567220052,210.4928012084961,49.685618339112175
53,2021-07-08 00:00:00-04:00,209.4566650390625,218.14332580566406,206.82000732421875,217.60333251953125,68319900,0.0,0.0,223.82433319091797,210.9032231648763,210.14660125732422,52.44246008175456
54,2021-07-09 00:00:00-04:00,217.72666931152344,219.6366729736328,214.89666748046875,218.98333740234375,54421500,0.0,0.0,223.06199951171874,211.32344563802084,209.89693481445312,53.824830408482384
55,2021-07-12 00:00:00-04:00,220.73333740234375,229.0800018310547,220.72000122070312,228.56666564941406,77781000,0.0,0.0,223.52299957275392,211.93288981119792,209.9549346923828,62.07013561179107
56,2021-07-13 00:00:00-04:00,228.77333068847656,231.0933380126953,222.10000610351562,222.84666442871094,62898300,0.0,0.0,222.85033264160157,212.41422322591146,209.68226806640624,55.67931586876815
57,2021-07-14 00:00:00-04:00,223.5833282470703,226.20333862304688,217.6133270263672,217.7933349609375,64923600,0.0,0.0,221.9376663208008,212.7417790730794,209.47213470458985,50.71169777027137
58,2021-07-15 00:00:00-04:00,219.4633331298828,222.04666137695312,212.6266632080078,216.86666870117188,60628800,0.0,0.0,220.96766662597656,213.2471125284831,209.31880126953126,49.833671291990406
59,2021-07-16 00:00:00-04:00,218.22666931152344,218.89999389648438,214.06666564941406,214.74000549316406,49113000,0.0,0.0,219.8443344116211,214.04022369384765,209.14066802978516,47.78871122570197
60,2021-07-19 00:00:00-04:00,209.9633331298828,215.73333740234375,207.09666442871094,215.4066619873047,63891300,0.0,0.0,218.75500030517577,214.5643346150716,209.02520141601562,48.502121510985155
61,2021-07-20 00:00:00-04:00,217.3300018310547,220.79666137695312,213.5,220.1666717529297,46461300,0.0,0.0,218.7856674194336,215.17955678304037,208.94606811523437,53.39840083900244
62,2021-07-21 00:00:00-04:00,219.8699951171875,221.6199951171875,216.76333618164062,218.42999267578125,41859900,0.0,0.0,219.1403335571289,215.75400085449218,209.12106811523438,51.4754276768116
63,2021-07-22 00:00:00-04:00,218.81333923339844,220.72332763671875,214.86666870117188,216.4199981689453,45317100,0.0,0.0,219.02200012207032,216.31488952636718,209.3348013305664,49.26418573763714
64,2021-07-23 00:00:00-04:00,215.45333862304688,216.26666259765625,212.43333435058594,214.4600067138672,43814700,0.0,0.0,218.56966705322264,216.6844451904297,209.6914013671875,47.137764634969265
65,2021-07-26 00:00:00-04:00,216.99000549316406,222.73333740234375,215.70333862304688,219.2066650390625,76009800,0.0,0.0,217.6336669921875,217.21477864583332,210.2642678833008,52.486526051022935
66,2021-07-27 00:00:00-04:00,221.13333129882812,222.1666717529297,209.0800018310547,214.92666625976562,98439900,0.0,0.0,216.84166717529297,217.51577860514323,210.631201171875,47.79090230969379
67,2021-07-28 00:00:00-04:00,215.6666717529297,218.32333374023438,213.13333129882812,215.66000366210938,48019800,0.0,0.0,216.62833404541016,218.04488983154297,211.09886779785157,48.638765514913906
68,2021-07-29 00:00:00-04:00,216.59666442871094,227.89666748046875,216.26666259765625,225.78334045410156,91183800,0.0,0.0,217.52000122070314,218.8502232869466,211.76206787109376,58.627230059688394
69,2021-07-30 00:00:00-04:00,223.9199981689453,232.50999450683594,223.0,229.06666564941406,88969200,0.0,0.0,218.95266723632812,219.6346674601237,212.58700103759764,61.25877916368551
70,2021-08-02 00:00:00-04:00,233.3333282470703,242.31333923339844,232.8000030517578,236.55667114257812,100847400,0.0,0.0,221.06766815185546,220.59422302246094,213.40626770019531,66.49438970194939
71,2021-08-03 00:00:00-04:00,239.6666717529297,240.88333129882812,233.6699981689453,236.5800018310547,64860900,0.0,0.0,222.70900115966796,221.58211212158204,214.26533447265626,66.50957225569682
72,2021-08-04 00:00:00-04:00,237.0,241.63333129882812,236.30999755859375,236.97332763671875,51007800,0.0,0.0,224.5633346557617,222.55111185709634,214.96186767578126,66.78284685899568
73,2021-08-05 00:00:00-04:00,238.6666717529297,240.31666564941406,237.1366729736328,238.2100067138672,38758800,0.0,0.0,226.7423355102539,223.19622294108072,215.69480102539063,67.67593396460111
74,2021-08-06 00:00:00-04:00,237.3000030517578,238.77667236328125,232.5433349609375,233.03334045410156,46869000,0.0,0.0,228.59966888427735,223.4104451497396,216.2279345703125,60.36016974961498
75,2021-08-09 00:00:00-04:00,236.72332763671875,239.67666625976562,235.0433349609375,237.9199981689453,44145900,0.0,0.0,230.47100219726562,223.87588958740236,216.78066772460937,64.28501347294596
76,2021-08-10 00:00:00-04:00,237.99667358398438,238.8633270263672,233.9600067138672,236.663330078125,40296900,0.0,0.0,232.64466857910156,224.11222279866536,217.34580108642578,62.56929819808303
77,2021-08-11 00:00:00-04:00,237.57000732421875,238.39332580566406,234.73666381835938,235.94000244140625,29401800,0.0,0.0,234.67266845703125,224.4128896077474,217.90526794433595,61.55101206104001
78,2021-08-12 00:00:00-04:00,235.44667053222656,240.93333435058594,233.13333129882812,240.75,52377300,0.0,0.0,236.1693344116211,224.8856674194336,218.68613464355468,65.56439620337711
79,2021-08-13 00:00:00-04:00,241.23666381835938,243.3000030517578,238.1133270263672,239.05667114257812,50194500,0.0,0.0,237.1683349609375,225.3217788696289,219.64833465576172,63.06853904966156
80,2021-08-16 00:00:00-04:00,235.02333068847656,236.5,225.46665954589844,228.72332763671875,68032200,0.0,0.0,236.38500061035157,225.40255635579427,220.22913452148438,50.44795470940597
81,2021-08-17 00:00:00-04:00,224.22000122070312,224.86000061035156,216.27999877929688,221.90333557128906,71163900,0.0,0.0,234.917333984375,225.47066752115884,220.6330010986328,44.16615644608569
82,2021-08-18 00:00:00-04:00,223.25,231.92333984375,223.11666870117188,229.663330078125,61048200,0.0,0.0,234.18633422851562,225.9633341471354,221.20233428955078,51.55758576799738
83,2021-08-19 00:00:00-04:00,226.07000732421875,228.85000610351562,222.52999877929688,224.49000549316406,42940500,0.0,0.0,232.8143341064453,226.19288991292316,221.70026763916016,47.08266888321467
84,2021-08-20 00:00:00-04:00,227.61666870117188,230.7100067138672,224.56666564941406,226.75332641601562,44525700,0.0,0.0,232.18633270263672,226.45188954671224,222.16786743164062,49.16162422865114
85,2021-08-23 00:00:00-04:00,228.47999572753906,237.3766632080078,226.9166717529297,235.43333435058594,60794700,0.0,0.0,231.9376663208008,226.68077850341797,222.81060089111327,56.25895506121714
86,2021-08-24 00:00:00-04:00,236.89332580566406,238.4066619873047,234.2133331298828,236.163330078125,39249300,0.0,0.0,231.88766632080078,227.12466735839843,223.4159341430664,56.8051159231176
87,2021-08-25 00:00:00-04:00,235.67666625976562,238.99000549316406,234.6666717529297,237.06666564941406,37936800,0.0,0.0,232.00033264160157,227.767111714681,224.16153411865236,57.51210085243548
88,2021-08-26 00:00:00-04:00,236.10333251953125,238.46665954589844,232.5399932861328,233.72000122070312,39642900,0.0,0.0,231.29733276367188,228.32888946533203,224.80346740722655,53.98667059769021
89,2021-08-27 00:00:00-04:00,235.0,238.3333282470703,234.03334045410156,237.30667114257812,41501400,0.0,0.0,231.12233276367186,229.08111165364582,225.4389340209961,57.026946750946905
90,2021-08-30 00:00:00-04:00,238.24000549316406,243.6666717529297,237.57666015625,243.6366729736328,55812600,0.0,0.0,232.6136672973633,230.02211201985676,226.15626739501954,61.821472513115594
91,2021-08-31 00:00:00-04:00,244.3333282470703,246.79666137695312,242.14666748046875,245.24000549316406,62566200,0.0,0.0,234.94733428955078,230.8578898111979,226.92220092773437,62.949067248918
92,2021-09-01 00:00:00-04:00,244.69332885742188,247.3300018310547,243.7566680908203,244.69667053222656,39612900,0.0,0.0,236.45066833496094,231.7334457397461,227.6580676269531,62.27779938461033
93,2021-09-02 00:00:00-04:00,244.8333282470703,246.99000549316406,243.51333618164062,244.1300048828125,38331900,0.0,0.0,238.41466827392577,232.65711263020833,228.16353424072267,61.540722036814074
94,2021-09-03 00:00:00-04:00,244.0833282470703,244.6666717529297,241.39999389648438,244.52333068847656,45738300,0.0,0.0,240.19166870117186,233.659223429362,228.52186737060546,61.877982875495796
95,2021-09-07 00:00:00-04:00,246.6666717529297,253.39999389648438,246.4199981689453,250.97332763671875,60119400,0.0,0.0,241.74566802978515,234.71811218261718,229.0622006225586,66.99009953101047
96,2021-09-08 00:00:00-04:00,253.86000061035156,254.81666564941406,246.92333984375,251.2899932861328,56379000,0.0,0.0,243.25833435058593,235.9302230834961,229.49653381347656,67.22249460102282
97,2021-09-09 00:00:00-04:00,251.1366729736328,254.03334045410156,250.5433349609375,251.6199951171875,42233100,0.0,0.0,244.7136672973633,237.12888946533204,229.9905337524414,67.47943996689062
98,2021-09-10 00:00:00-04:00,253.1999969482422,254.20333862304688,244.83999633789062,245.42333984375,45552600,0.0,0.0,245.88400115966797,237.78355611165364,230.36766723632812,58.246125926244346
99,2021-09-13 00:00:00-04:00,246.73666381835938,248.25999450683594,236.28334045410156,247.6666717529297,68857500,0.0,0.0,246.9200012207031,238.40355631510417,230.80153411865234,60.360746646860036
100,2021-09-14 00:00:00-04:00,247.52333068847656,251.49000549316406,245.46665954589844,248.163330078125,55574700,0.0,0.0,247.37266693115234,238.79044494628906,231.23880065917967,60.83367720273606
101,2021-09-15 00:00:00-04:00,248.3333282470703,252.2866668701172,246.1199951171875,251.94332885742188,46073100,0.0,0.0,248.04299926757812,239.30255584716798,231.8804672241211,64.32254416709111
102,2021-09-16 00:00:00-04:00,250.94332885742188,252.97000122070312,249.20333862304688,252.3300018310547,41770200,0.0,0.0,248.80633239746095,239.81444498697917,232.62940063476563,64.66925012738966
103,2021-09-17 00:00:00-04:00,252.38333129882812,253.67999267578125,250.0,253.163330078125,84612600,0.0,0.0,249.70966491699218,240.3128890991211,233.3406005859375,65.44852555836025
104,2021-09-20 00:00:00-04:00,244.85333251953125,247.3333282470703,239.5399932861328,243.38999938964844,74273100,0.0,0.0,249.59633178710936,240.65811106363932,233.8287338256836,51.18846398993729
105,2021-09-21 00:00:00-04:00,244.92999267578125,248.24667358398438,243.47999572753906,246.4600067138672,48992100,0.0,0.0,249.1449996948242,240.94277801513672,234.18660064697266,54.539199250735315
106,2021-09-22 00:00:00-04:00,247.8433380126953,251.22332763671875,246.3733367919922,250.64666748046875,45378900,0.0,0.0,249.0806671142578,241.4088892618815,234.7426007080078,58.7026451125555
107,2021-09-23 00:00:00-04:00,251.6666717529297,252.73333740234375,249.30667114257812,251.2133331298828,35842500,0.0,0.0,249.04000091552734,241.91800028483073,235.41100067138672,59.24667490987646
108,2021-09-24 00:00:00-04:00,248.6300048828125,258.26666259765625,248.18666076660156,258.1300048828125,64119000,0.0,0.0,250.3106674194336,242.4973337809245,236.23626739501952,65.26201323718932
109,2021-09-27 00:00:00-04:00,257.7066650390625,266.3333435058594,256.4366760253906,263.78668212890625,84212100,0.0,0.0,251.92266845703125,243.32166748046876,237.21720092773438,69.25843976487089
110,2021-09-28 00:00:00-04:00,262.3999938964844,265.21331787109375,255.39332580566406,259.1866760253906,76144200,0.0,0.0,253.0250030517578,244.3371124267578,238.0928012084961,62.91926771964308
111,2021-09-29 00:00:00-04:00,259.9333190917969,264.5,256.8933410644531,260.4366760253906,62828700,0.0,0.0,253.87433776855468,245.6215571085612,238.8982012939453,63.886575750379954
112,2021-09-30 00:00:00-04:00,260.3333435058594,263.0433349609375,258.3333435058594,258.49334716796875,53868000,0.0,0.0,254.49067230224608,246.58255767822266,239.69946838378905,61.21306705139133
113,2021-10-01 00:00:00-04:00,259.4666748046875,260.260009765625,254.52999877929688,258.40667724609375,51094200,0.0,0.0,255.01500701904297,247.7131134033203,240.53920196533204,61.090280472757165
114,2021-10-04 00:00:00-04:00,265.5,268.989990234375,258.7066650390625,260.510009765625,91449900,0.0,0.0,256.7270080566406,248.8383361816406,241.4602020263672,63.028479132763096
115,2021-10-05 00:00:00-04:00,261.6000061035156,265.7699890136719,258.0666809082031,260.1966552734375,55297800,0.0,0.0,258.10067291259764,249.66378021240234,242.28000183105468,62.52875235250689
116,2021-10-06 00:00:00-04:00,258.73333740234375,262.2200012207031,257.739990234375,260.9166564941406,43898400,0.0,0.0,259.12767181396487,250.4888910929362,243.19980163574218,63.249756899117884
117,2021-10-07 00:00:00-04:00,261.82000732421875,268.3333435058594,261.1266784667969,264.53668212890625,57587400,0.0,0.0,260.4600067138672,251.40455830891926,244.17733520507812,66.71729731530391
118,2021-10-08 00:00:00-04:00,265.4033203125,265.4599914550781,260.3033447265625,261.8299865722656,50215800,0.0,0.0,260.8300048828125,252.34155782063803,244.8982681274414,62.00633303377985
119,2021-10-11 00:00:00-04:00,262.54998779296875,267.0799865722656,261.8333435058594,263.9800109863281,42600900,0.0,0.0,260.8493377685547,253.230669148763,245.59653503417968,64.17054706561552
120,2021-10-12 00:00:00-04:00,266.9766540527344,270.7733459472656,265.5233459472656,268.5733337402344,66060000,0.0,0.0,261.7880035400391,254.0618911743164,246.23686828613282,68.32212582089282
121,2021-10-13 00:00:00-04:00,270.15667724609375,271.8033447265625,268.59332275390625,270.3599853515625,42360300,0.0,0.0,262.78033447265625,254.89922383626302,246.91246795654297,69.78849415140279
122,2021-10-14 00:00:00-04:00,271.8299865722656,273.4166564941406,271.1166687011719,272.7733459472656,36741600,0.0,0.0,264.2083343505859,255.83511301676432,247.62846832275392,71.69450275648869
123,2021-10-15 00:00:00-04:00,274.5799865722656,281.07000732421875,274.1166687011719,281.010009765625,56773800,0.0,0.0,266.4686676025391,257.06444651285807,248.48446838378905,77.022550532864
124,2021-10-18 00:00:00-04:00,283.92999267578125,291.7533264160156,283.8233337402344,290.03668212890625,72621600,0.0,0.0,269.4213348388672,258.58155822753906,249.62453521728514,81.19925229599895
125,2021-10-19 00:00:00-04:00,292.510009765625,292.6499938964844,287.5033264160156,288.0899963378906,52143300,0.0,0.0,272.2106689453125,259.81878051757815,250.62793518066405,77.91014150881745
126,2021-10-20 00:00:00-04:00,288.45001220703125,289.8299865722656,285.7933349609375,288.6000061035156,42096300,0.0,0.0,274.97900390625,261.0624476114909,251.6666687011719,78.15974547596328
127,2021-10-21 00:00:00-04:00,285.3333435058594,300.0,285.1666564941406,298.0,94444500,0.0,0.0,278.32533569335936,262.6084477742513,252.90786865234375,82.16074896269697
128,2021-10-22 00:00:00-04:00,298.5,303.3333435058594,296.9866638183594,303.2266540527344,68642400,0.0,0.0,282.4650024414062,264.5352249145508,254.15740173339844,83.92420472187614
129,2021-10-25 00:00:00-04:00,316.84332275390625,348.3399963378906,314.73333740234375,341.6199951171875,188556300,0.0,0.0,290.2290008544922,267.66700236002606,256.20866821289064,90.97877260261197
130,2021-10-26 00:00:00-04:00,341.5633239746094,364.9800109863281,333.8133239746094,339.4766540527344,187245000,0.0,0.0,297.3193328857422,270.7107798258464,258.4237347412109,88.64021111786462
131,2021-10-27 00:00:00-04:00,346.5533447265625,356.9599914550781,343.59332275390625,345.9533386230469,115579500,0.0,0.0,304.8786682128906,273.8444468180339,260.9047348022461,89.51708461613848
132,2021-10-28 00:00:00-04:00,356.10333251953125,360.3333435058594,351.3999938964844,359.0133361816406,81639600,0.0,0.0,313.50266723632814,277.40055796305336,263.4917349243164,91.02202741139364
133,2021-10-29 00:00:00-04:00,360.6199951171875,371.7366638183594,357.7366638183594,371.3333435058594,89755200,0.0,0.0,322.5350006103516,281.33955841064454,266.4286016845703,92.1647557667794
134,2021-11-01 00:00:00-04:00,381.6666564941406,403.25,372.88665771484375,402.86334228515625,168146100,0.0,0.0,333.8176666259766,286.65533650716145,269.95080200195315,94.19956245058412
135,2021-11-02 00:00:00-04:00,386.4533386230469,402.86334228515625,382.0,390.6666564941406,128213400,0.0,0.0,344.07533264160156,291.4622248331706,273.0554684448242,85.00334564060645
136,2021-11-03 00:00:00-04:00,392.4433288574219,405.1300048828125,384.2066650390625,404.6199951171875,103885500,0.0,0.0,355.6773315429688,296.5946690877279,276.42460174560546,86.61343655166644
137,2021-11-04 00:00:00-04:00,411.4700012207031,414.4966735839844,405.6666564941406,409.9700012207031,76192200,0.0,0.0,366.87433166503905,301.8865580240885,279.88266845703123,87.18169693352291
138,2021-11-05 00:00:00-04:00,409.3333435058594,413.2900085449219,402.6666564941406,407.36334228515625,64886400,0.0,0.0,377.2880004882812,306.8610026041667,283.3555352783203,85.28214569433867
139,2021-11-08 00:00:00-05:00,383.2633361816406,399.0,377.6666564941406,387.64666748046875,100337100,0.0,0.0,381.8906677246094,310.9896687825521,286.3623352050781,72.42741892312547
140,2021-11-09 00:00:00-05:00,391.20001220703125,391.5,337.17333984375,341.1666564941406,177317400,0.0,0.0,382.05966796875,313.7223347981771,288.3129348754883,52.38237044541291
141,2021-11-10 00:00:00-05:00,336.8033447265625,359.3666687011719,329.10333251953125,355.98333740234375,128408100,0.0,0.0,383.0626678466797,316.9072235107422,290.5278015136719,56.51401370759232
142,2021-11-11 00:00:00-05:00,367.5899963378906,368.3233337402344,351.55999755859375,354.5033264160156,67189800,0.0,0.0,382.6116668701172,320.10755615234376,292.7239346313477,55.99140683287656
143,2021-11-12 00:00:00-05:00,349.1666564941406,351.5,339.73333740234375,344.47332763671875,76719300,0.0,0.0,379.9256652832031,322.9764444986979,294.7308010864258,52.45145670001745
144,2021-11-15 00:00:00-05:00,339.2099914550781,343.99334716796875,326.20001220703125,337.7966613769531,104326800,0.0,0.0,373.4189971923828,325.55266621907555,296.5962677001953,50.1772692515748
145,2021-11-16 00:00:00-05:00,334.4366760253906,352.3999938964844,334.05999755859375,351.57666015625,79627200,0.0,0.0,369.50999755859374,328.5986663818359,298.60833435058595,54.55665490169708
146,2021-11-17 00:00:00-05:00,354.5033264160156,373.21331787109375,351.8333435058594,363.0033264160156,94336200,0.0,0.0,365.34833068847655,332.0015553792318,300.8426010131836,57.864102414113255
147,2021-11-18 00:00:00-05:00,368.8500061035156,370.6666564941406,358.3399963378906,365.4599914550781,62696700,0.0,0.0,360.89732971191404,335.36566569010415,303.1194009399414,58.56238072072182
148,2021-11-19 00:00:00-05:00,366.2900085449219,379.5733337402344,364.23333740234375,379.0199890136719,64926900,0.0,0.0,358.0629943847656,339.2719991048177,305.79133392333983,62.27829715792179
149,2021-11-22 00:00:00-05:00,387.4433288574219,400.6499938964844,377.4766540527344,385.6233215332031,99217500,0.0,0.0,357.86065979003905,343.3267761230469,308.5504669189453,63.97260471199122
150,2021-11-23 00:00:00-05:00,389.1700134277344,393.5,354.23333740234375,369.6766662597656,108515100,0.0,0.0,360.71166076660154,346.69688720703124,310.9807336425781,57.281380870990255
151,2021-11-24 00:00:00-05:00,360.1300048828125,377.5899963378906,354.0,372.0,67680600,0.0,0.0,362.3133270263672,350.0848876953125,313.3818670654297,57.97112180347388
152,2021-11-26 00:00:00-05:00,366.489990234375,369.59332275390625,360.3333435058594,360.6400146484375,35042700,0.0,0.0,362.9269958496094,353.01377665201824,315.54806732177735,53.428634479464655
153,2021-11-29 00:00:00-05:00,366.9966735839844,380.8900146484375,366.7300109863281,378.9966735839844,58393500,0.0,0.0,366.37933044433595,356.2799987792969,318.06473419189456,59.01701712152321
154,2021-11-30 00:00:00-05:00,381.4566650390625,389.3333435058594,372.6666564941406,381.586669921875,81276000,0.0,0.0,370.7583312988281,359.3316650390625,320.82866760253904,59.750878053259754
155,2021-12-01 00:00:00-05:00,386.8999938964844,390.9466552734375,363.586669921875,365.0,68450400,0.0,0.0,372.1006652832031,361.89533182779945,323.19946746826173,53.1829637889731
156,2021-12-02 00:00:00-05:00,366.35333251953125,371.0,352.2166748046875,361.5333251953125,73114800,0.0,0.0,371.9536651611328,364.3264424641927,325.4172006225586,51.89891926579552
157,2021-12-03 00:00:00-05:00,361.5966796875,363.52667236328125,333.4033203125,338.3233337402344,92322000,0.0,0.0,369.23999938964846,365.67055358886716,327.15940063476563,44.20382480255085
158,2021-12-06 00:00:00-05:00,333.836669921875,340.5466613769531,316.8333435058594,336.336669921875,81663000,0.0,0.0,364.97166748046874,366.7742207845052,328.72353393554687,43.60781411948954
159,2021-12-07 00:00:00-05:00,348.0666809082031,352.5566711425781,342.2699890136719,350.5833435058594,56084700,0.0,0.0,361.46766967773436,367.0729990641276,330.45946716308595,48.92604802006874
160,2021-12-08 00:00:00-05:00,350.9033203125,357.4599914550781,344.3333435058594,356.32000732421875,41906400,0.0,0.0,360.1320037841797,367.6344441731771,332.4021337890625,50.93269652591231
161,2021-12-09 00:00:00-05:00,353.5466613769531,354.163330078125,334.1199951171875,334.6000061035156,59438400,0.0,0.0,356.3920043945312,367.25599975585936,333.885400390625,43.90000538762023
162,2021-12-10 00:00:00-05:00,336.25,340.32666015625,327.510009765625,339.010009765625,59664300,0.0,0.0,354.22900390625,366.58922220865884,335.4957336425781,45.544124977063305
163,2021-12-13 00:00:00-05:00,333.6966552734375,335.0,317.1400146484375,322.13665771484375,78595500,0.0,0.0,348.5430023193359,364.94933268229164,336.7703332519531,40.636876946869236
164,2021-12-14 00:00:00-05:00,315.0,322.13665771484375,310.0,319.5033264160156,70806300,0.0,0.0,342.33466796875,362.17066548665366,337.95019958496096,39.91407300771163
165,2021-12-15 00:00:00-05:00,317.7366638183594,326.25,309.4166564941406,325.3299865722656,75169200,0.0,0.0,338.36766662597654,359.99277648925784,339.2528662109375,42.35718966038686
166,2021-12-16 00:00:00-05:00,331.5,331.6600036621094,307.2833251953125,308.97332763671875,82771500,0.0,0.0,333.1116668701172,356.80455423990884,340.21399963378906,37.7204957872826
167,2021-12-17 00:00:00-05:00,304.92333984375,320.2200012207031,303.0133361816406,310.8566589355469,100437300,0.0,0.0,330.36499938964846,353.500776163737,341.14039916992186,38.55453776789715
168,2021-12-20 00:00:00-05:00,303.5666809082031,307.2300109863281,297.7966613769531,299.9800109863281,56480100,0.0,0.0,326.7293334960938,349.92133178710935,341.9033996582031,35.59020922010589
169,2021-12-21 00:00:00-05:00,305.6233215332031,313.1666564941406,295.3733215332031,312.84332275390625,71517900,0.0,0.0,322.95533142089846,347.4278869628906,342.8806658935547,41.33497712670332
170,2021-12-22 00:00:00-05:00,321.88665771484375,338.5533447265625,319.01666259765625,336.2900085449219,93634200,0.0,0.0,320.95233154296875,347.26533203125,344.23499938964846,50.07567573689952
171,2021-12-23 00:00:00-05:00,335.6000061035156,357.6600036621094,332.5199890136719,355.6666564941406,92713200,0.0,0.0,323.0589965820312,347.25477600097656,345.9411328125,55.92066602153294
172,2021-12-27 00:00:00-05:00,357.8900146484375,372.3333435058594,356.90667724609375,364.64666748046875,71145900,0.0,0.0,325.62266235351564,347.59288736979164,347.7785992431641,58.354138036854934
173,2021-12-28 00:00:00-05:00,369.8299865722656,373.0,359.47332763671875,362.8233337402344,60324000,0.0,0.0,329.6913299560547,348.2045542399089,349.41486572265626,57.65811160762836
174,2021-12-29 00:00:00-05:00,366.21331787109375,368.0,354.71331787109375,362.0633239746094,56154000,0.0,0.0,333.94732971191405,349.01344299316406,350.8553985595703,57.351044645180224
175,2021-12-30 00:00:00-05:00,353.77667236328125,365.1833190917969,351.04998779296875,356.7799987792969,47040900,0.0,0.0,337.0923309326172,349.1868876139323,352.22919860839846,55.15213267820051
176,2021-12-31 00:00:00-05:00,357.8133239746094,360.6666564941406,351.5299987792969,352.260009765625,40733700,0.0,0.0,341.42099914550784,348.8287770589193,353.5023986816406,53.2703612443623
177,2022-01-03 00:00:00-05:00,382.5833435058594,400.3566589355469,378.67999267578125,399.9266662597656,103931400,0.0,0.0,350.3279998779297,349.9776662190755,355.54093200683593,66.32086949639674
178,2022-01-04 00:00:00-05:00,396.51666259765625,402.6666564941406,374.3500061035156,383.1966552734375,100248300,0.0,0.0,358.6496643066406,350.11688842773435,357.14033203125,59.98846075332081
179,2022-01-05 00:00:00-05:00,382.2166748046875,390.11334228515625,360.336669921875,362.7066650390625,80119800,0.0,0.0,363.63599853515626,349.3529998779297,357.5620654296875,53.278761451189006
180,2022-01-06 00:00:00-05:00,359.0,362.6666564941406,340.1666564941406,354.8999938964844,90336600,0.0,0.0,365.4969970703125,348.860444132487,357.8705322265625,50.9409411768452
181,2022-01-07 00:00:00-05:00,360.1233215332031,360.30999755859375,336.6666564941406,342.32000732421875,84164700,0.0,0.0,364.16233215332034,347.87111104329426,357.79786560058596,47.33639065873985
182,2022-01-10 00:00:00-05:00,333.3333435058594,353.0333251953125,326.6666564941406,352.7066650390625,91815000,0.0,0.0,362.9683319091797,347.6066660563151,357.6717321777344,50.45367166953371
183,2022-01-11 00:00:00-05:00,351.22332763671875,358.6166687011719,346.2733459472656,354.79998779296875,66063300,0.0,0.0,362.16599731445314,346.80010986328125,357.34106506347655,51.0821320605837
184,2022-01-12 00:00:00-05:00,359.6166687011719,371.61334228515625,357.5299987792969,368.739990234375,83739000,0.0,0.0,362.8336639404297,346.37188720703125,356.6585980224609,55.16094876041271
185,2022-01-13 00:00:00-05:00,369.69000244140625,371.8666687011719,342.17999267578125,343.85333251953125,97209900,0.0,0.0,361.54099731445314,345.6669982910156,355.72233154296873,47.53992116946386
186,2022-01-14 00:00:00-05:00,339.9599914550781,350.6666564941406,337.7933349609375,349.8699951171875,72924300,0.0,0.0,361.3019958496094,345.27822062174477,354.62733154296876,49.36145317840624
187,2022-01-18 00:00:00-05:00,342.2033386230469,356.92999267578125,338.6866760253906,343.5033264160156,66743400,0.0,0.0,355.6596618652344,345.4508870442708,353.297998046875,47.482638314768
188,2022-01-19 00:00:00-05:00,347.2366638183594,351.5566711425781,331.6666564941406,331.8833312988281,75442500,0.0,0.0,350.52832946777346,345.3024424235026,351.78839782714846,44.17759965767268
189,2022-01-20 00:00:00-05:00,336.57666015625,347.2200012207031,331.3333435058594,332.0899963378906,70488600,0.0,0.0,347.46666259765624,344.6859975179037,350.67726440429686,44.25192165212415
190,2022-01-21 00:00:00-05:00,332.11334228515625,334.8500061035156,313.5,314.6333312988281,103416000,0.0,0.0,343.43999633789065,343.29644165039065,350.14659790039065,39.47144872793098
191,2022-01-24 00:00:00-05:00,301.586669921875,311.1700134277344,283.8233337402344,310.0,151565700,0.0,0.0,340.20799560546874,342.4764414469401,349.22693115234375,38.28913946185012
192,2022-01-25 00:00:00-05:00,304.73333740234375,317.086669921875,301.07000732421875,306.1333312988281,86595900,0.0,0.0,335.5506622314453,341.38055216471355,348.25953125,37.28541321988355
193,2022-01-26 00:00:00-05:00,317.4766540527344,329.2300109863281,302.0,312.4700012207031,104867400,0.0,0.0,331.3176635742187,341.05833028157554,347.61946472167966,40.05857704902651
194,2022-01-27 00:00:00-05:00,311.1199951171875,311.7966613769531,276.3333435058594,276.3666687011719,147109500,0.0,0.0,322.08033142089846,339.6204416910807,346.39086486816404,31.509497957940482
195,2022-01-28 00:00:00-05:00,277.1866760253906,285.8333435058594,264.0033264160156,282.1166687011719,134789100,0.0,0.0,315.9066650390625,338.17999776204425,345.0016650390625,33.92800025802276
196,2022-01-31 00:00:00-05:00,290.9033203125,312.663330078125,287.3500061035156,312.239990234375,104436000,0.0,0.0,312.14366455078124,338.28888651529945,343.9863983154297,44.904249380892466
197,2022-02-01 00:00:00-05:00,311.7366638183594,314.5666809082031,301.6666564941406,310.4166564941406,73138200,0.0,0.0,308.8349975585937,338.2742197672526,342.8855316162109,44.42319487390553
198,2022-02-02 00:00:00-05:00,309.3933410644531,310.5,296.4700012207031,301.88665771484375,66792900,0.0,0.0,305.8353302001953,338.3377746582031,341.3428649902344,42.148334485307274
199,2022-02-03 00:00:00-05:00,294.0,312.3333435058594,293.50665283203125,297.0466613769531,78855600,0.0,0.0,302.33099670410155,337.81121927897135,339.5713317871094,40.8694694707261
200,2022-02-04 00:00:00-05:00,299.0733337402344,312.1666564941406,293.72332763671875,307.7733459472656,73625400,0.0,0.0,301.64499816894534,336.86066385904945,338.33326538085936,44.862447609509346
201,2022-02-07 00:00:00-05:00,307.92999267578125,315.92333984375,300.9033203125,302.4466552734375,60994500,0.0,0.0,300.88966369628906,335.0866638183594,336.94219848632815,43.2988042288854
202,2022-02-08 00:00:00-05:00,301.84332275390625,308.7633361816406,298.26666259765625,307.3333435058594,50729100,0.0,0.0,301.00966491699216,333.1762196858724,335.8760650634766,45.186298805700545
203,2022-02-09 00:00:00-05:00,311.6666564941406,315.42333984375,306.6666564941406,310.6666564941406,52259400,0.0,0.0,300.82933044433594,331.4376637776693,334.5094647216797,46.49468680166467
204,2022-02-10 00:00:00-05:00,302.7900085449219,314.60333251953125,298.8999938964844,301.51666259765625,66126900,0.0,0.0,303.3443298339844,329.41944173177086,332.90806457519534,43.43012821987165
205,2022-02-11 00:00:00-05:00,303.2099914550781,305.32000732421875,283.5666809082031,286.6666564941406,79645800,0.0,0.0,303.79932861328126,327.08233032226565,331.3413977050781,38.94377781417506
206,2022-02-14 00:00:00-05:00,287.19000244140625,299.6266784667969,284.3833312988281,291.9200134277344,67756500,0.0,0.0,301.7673309326172,325.0709971110026,329.9491314697266,41.25564653237441
207,2022-02-15 00:00:00-05:00,300.0,307.6666564941406,297.7933349609375,307.4766540527344,57286200,0.0,0.0,301.47333068847655,321.9893300374349,329.3321978759766,47.58490992219419
208,2022-02-16 00:00:00-05:00,304.6833190917969,308.80999755859375,300.4033203125,307.7966613769531,51294300,0.0,0.0,302.0643310546875,319.4759969075521,328.76139770507814,47.709716312135974
209,2022-02-17 00:00:00-05:00,304.4200134277344,306.1666564941406,291.3666687011719,292.1166687011719,55178400,0.0,0.0,301.5713317871094,317.1229970296224,327.59206420898437,42.38427215662283
210,2022-02-18 00:00:00-05:00,295.3333435058594,295.6233215332031,279.2033386230469,285.6600036621094,68501700,0.0,0.0,299.35999755859376,314.81499735514325,326.1788641357422,40.385244504494686
211,2022-02-22 00:00:00-05:00,278.0433349609375,285.57666015625,267.0333251953125,273.84332275390625,83288100,0.0,0.0,296.4996643066406,312.5324412027995,324.96373046875,36.950413966819035
212,2022-02-23 00:00:00-05:00,276.80999755859375,278.4333190917969,253.52000427246094,254.67999267578125,95256900,0.0,0.0,291.2343292236328,309.2648854573568,323.2771301269531,32.171645122749055
213,2022-02-24 00:00:00-05:00,233.4633331298828,267.49334716796875,233.3333282470703,266.92333984375,135322200,0.0,0.0,286.85999755859376,306.3356638590495,322.17286376953126,37.71407844798916
214,2022-02-25 00:00:00-05:00,269.74334716796875,273.1666564941406,260.79998779296875,269.9566650390625,76067700,0.0,0.0,283.70399780273436,303.0428863525391,321.1819305419922,39.04305068678043
215,2022-02-28 00:00:00-05:00,271.6700134277344,292.28668212890625,271.57000732421875,290.1433410644531,99006900,0.0,0.0,284.0516662597656,301.25255330403644,320.47819763183594,47.12808034658505
216,2022-03-01 00:00:00-05:00,289.8933410644531,296.6266784667969,284.59332275390625,288.1233215332031,74766900,0.0,0.0,283.6719970703125,299.194330851237,320.06119750976563,46.46395507404876
217,2022-03-02 00:00:00-05:00,290.7099914550781,295.49334716796875,281.42333984375,293.2966613769531,74643300,0.0,0.0,282.2539978027344,297.5207753499349,319.7099975585937,48.46684513463045
218,2022-03-03 00:00:00-05:00,292.92333984375,295.4800109863281,277.5333251953125,279.7633361816406,61623600,0.0,0.0,279.45066528320314,295.783442179362,319.3056640625,43.84563820522615
219,2022-03-04 00:00:00-05:00,283.0333251953125,285.2166748046875,275.0533447265625,279.42999267578125,66999600,0.0,0.0,278.18199768066404,294.0281087239583,318.6373974609375,43.73502367094552
220,2022-03-07 00:00:00-05:00,285.4333190917969,288.71331787109375,268.19000244140625,268.1933288574219,72494100,0.0,0.0,276.4353302001953,292.4801086425781,317.2754638671875,40.06568000026054
221,2022-03-08 00:00:00-05:00,265.1766662597656,283.3299865722656,260.72332763671875,274.79998779296875,80399100,0.0,0.0,276.53099670410154,291.30677490234376,315.65813049316404,43.089002025582495
222,2022-03-09 00:00:00-05:00,279.82666015625,286.85333251953125,277.336669921875,286.3233337402344,59184000,0.0,0.0,279.69533081054686,290.6464416503906,314.0916638183594,48.01473105611969
223,2022-03-10 00:00:00-05:00,283.8166809082031,284.8166809082031,270.1199951171875,279.4333190917969,58648500,0.0,0.0,280.9463287353516,289.5452189127604,312.42386352539063,45.48006017902583
224,2022-03-11 00:00:00-05:00,280.0666809082031,281.26666259765625,264.5899963378906,265.1166687011719,67037100,0.0,0.0,280.4623291015625,289.1702189127604,310.48493041992185,40.67518045856469
225,2022-03-14 00:00:00-04:00,260.2033386230469,266.8999938964844,252.01333618164062,255.4566650390625,71152200,0.0,0.0,276.99366149902346,288.28155212402345,308.4584637451172,37.775238786074006
226,2022-03-15 00:00:00-04:00,258.42333984375,268.5233459472656,252.19000244140625,267.2966613769531,66841200,0.0,0.0,274.91099548339844,286.7834411621094,306.75919677734373,43.127317002189045
227,2022-03-16 00:00:00-04:00,269.6666564941406,280.6666564941406,267.4200134277344,280.07666015625,84028800,0.0,0.0,273.5889953613281,285.77210795084636,304.36219665527346,48.296729148293934
228,2022-03-17 00:00:00-04:00,276.9966735839844,291.6666564941406,275.239990234375,290.5333251953125,66582900,0.0,0.0,274.66599426269534,285.39366353352864,302.5089300537109,52.13064098450207
229,2022-03-18 00:00:00-04:00,291.4966735839844,302.6166687011719,289.1300048828125,301.7966613769531,100414200,0.0,0.0,276.9026611328125,285.551996866862,301.29072998046877,55.922077224954855
230,2022-03-21 00:00:00-04:00,304.99334716796875,314.2833251953125,302.36334228515625,307.0533447265625,81981600,0.0,0.0,280.7886627197266,285.5279968261719,300.3337969970703,57.60957559811229
231,2022-03-22 00:00:00-04:00,310.0,332.6199951171875,307.25,331.32666015625,105868500,0.0,0.0,286.4413299560547,286.49066365559895,300.11393005371093,64.38920400266467
232,2022-03-23 00:00:00-04:00,326.64666748046875,346.8999938964844,325.4666748046875,333.03668212890625,120676200,0.0,0.0,291.1126647949219,287.3474416097005,299.7205303955078,64.81611679735502
233,2022-03-24 00:00:00-04:00,336.57666015625,341.4966735839844,329.6000061035156,337.97332763671875,68920800,0.0,0.0,296.96666564941404,288.2576639811198,299.3839971923828,66.08034044339819
234,2022-03-25 00:00:00-04:00,336.0,340.6000061035156,332.44000244140625,336.8800048828125,62031600,0.0,0.0,304.14299926757815,289.4364420572917,298.7467974853516,65.51884338098537
235,2022-03-28 00:00:00-04:00,355.0333251953125,365.9599914550781,351.20001220703125,363.9466552734375,102506100,0.0,0.0,314.99199829101565,292.01244201660154,299.1486639404297,71.88747204453972
236,2022-03-29 00:00:00-04:00,369.3299865722656,371.5899963378906,357.7033386230469,366.5233459472656,73614900,0.0,0.0,324.9146667480469,294.4992197672526,299.48173095703123,72.40990404217591
237,2022-03-30 00:00:00-04:00,363.72332763671875,371.3166809082031,361.3333435058594,364.663330078125,59865000,0.0,0.0,333.3733337402344,296.4054423014323,299.9049310302734,71.37871651805489
238,2022-03-31 00:00:00-04:00,364.8566589355469,367.71331787109375,358.8800048828125,359.20001220703125,48992700,0.0,0.0,340.24000244140626,298.11888732910154,300.4512646484375,68.30193140036148
239,2022-04-01 00:00:00-04:00,360.3833312988281,364.9166564941406,355.5466613769531,361.5299987792969,54263100,0.0,0.0,346.2133361816406,300.4326649983724,301.0400646972656,68.91729092509783
240,2022-04-04 00:00:00-04:00,363.1266784667969,383.3033447265625,357.510009765625,381.8166809082031,82035900,0.0,0.0,353.6896697998047,303.6378875732422,302.3837316894531,73.70391676941108
241,2022-04-05 00:00:00-04:00,378.76666259765625,384.2900085449219,362.4333190917969,363.7533264160156,80075100,0.0,0.0,356.9323364257813,306.6348876953125,303.45879821777345,64.22066120496366
242,2022-04-06 00:00:00-04:00,357.8233337402344,359.6666564941406,342.5666809082031,348.586669921875,89348400,0.0,0.0,358.4873352050781,309.7651102701823,304.30786499023435,57.52767626780145
243,2022-04-07 00:00:00-04:00,350.7966613769531,358.86334228515625,340.5133361816406,352.4200134277344,79447200,0.0,0.0,359.9320037841797,312.61499938964846,305.106865234375,58.69926562996963
244,2022-04-08 00:00:00-04:00,347.7366638183594,349.4800109863281,340.8133239746094,341.8299865722656,55013700,0.0,0.0,360.427001953125,315.0107767740885,306.4161315917969,54.24730257425203
245,2022-04-11 00:00:00-04:00,326.79998779296875,336.15667724609375,324.8800048828125,325.30999755859375,59357100,0.0,0.0,356.56333618164064,316.18299865722656,307.2799981689453,48.11658817481771
246,2022-04-12 00:00:00-04:00,332.5466613769531,340.39666748046875,325.5333251953125,328.98333740234375,65976000,0.0,0.0,352.80933532714846,317.5449991861979,307.6148651123047,49.483689179404514
247,2022-04-13 00:00:00-04:00,327.02667236328125,342.0799865722656,324.3666687011719,340.7900085449219,55121100,0.0,0.0,350.4220031738281,319.12811075846355,308.22233215332034,53.70597882021256
248,2022-04-14 00:00:00-04:00,333.0966796875,337.57000732421875,327.39666748046875,328.3333435058594,58422300,0.0,0.0,347.33533630371096,320.7471110026042,308.75126586914064,49.048007918121755
249,2022-04-18 00:00:00-04:00,329.6766662597656,338.3066711425781,324.4700012207031,334.7633361816406,51715200,0.0,0.0,344.65867004394534,322.5915557861328,309.5055993652344,51.39158359914515
250,2022-04-19 00:00:00-04:00,335.0199890136719,344.9800109863281,331.77667236328125,342.7166748046875,49847700,0.0,0.0,340.74866943359376,325.07566731770834,310.2044659423828,54.19784063045281
251,2022-04-20 00:00:00-04:00,343.3333435058594,344.6666564941406,325.0833435058594,325.73333740234375,70711200,0.0,0.0,336.94667053222656,326.77344563802086,310.6701995849609,47.845738348929316
252,2022-04-21 00:00:00-04:00,358.24334716796875,364.0733337402344,332.1400146484375,336.260009765625,105416400,0.0,0.0,335.71400451660156,328.43800150553386,311.24873291015626,51.629864084356846
253,2022-04-22 00:00:00-04:00,338.3033447265625,344.95001220703125,331.3333435058594,335.01666259765625,69696600,0.0,0.0,333.9736694335937,330.29077962239586,311.73573303222656,51.15772175407317
254,2022-04-25 00:00:00-04:00,326.3233337402344,336.2066650390625,325.1000061035156,332.67333984375,68341200,0.0,0.0,333.05800476074216,332.54266866048175,312.35886657714843,50.22549709917095
255,2022-04-26 00:00:00-04:00,331.80999755859375,333.3333435058594,291.6666564941406,292.1400146484375,136133700,0.0,0.0,329.7410064697266,333.76544698079425,312.46833374023436,37.497140236493536
256,2022-04-27 00:00:00-04:00,299.52667236328125,306.0,292.4533386230469,293.836669921875,76956300,0.0,0.0,326.22633972167966,334.6501139322917,312.5066668701172,38.20310144883153
257,2022-04-28 00:00:00-04:00,299.99334716796875,300.0,273.8999938964844,292.5033264160156,124948500,0.0,0.0,321.3976715087891,335.0643361409505,312.2072003173828,37.8413744080911
258,2022-04-29 00:00:00-04:00,300.75,311.4666748046875,290.0,290.2533264160156,88133100,0.0,0.0,317.5896697998047,335.0550028483073,311.85633361816406,37.2012490569781
259,2022-05-02 00:00:00-04:00,286.92333984375,302.1199951171875,282.6766662597656,300.9800109863281,75781500,0.0,0.0,314.2113372802734,335.0277811686198,312.0336004638672,42.21944387943042
260,2022-05-03 00:00:00-04:00,301.05999755859375,308.02667236328125,296.1966552734375,303.0833435058594,63709500,0.0,0.0,310.2480041503906,334.89544779459635,312.3820672607422,43.17826613031607
261,2022-05-04 00:00:00-04:00,301.3133239746094,318.5,295.09332275390625,317.5400085449219,81643800,0.0,0.0,309.4286712646484,334.43589274088544,313.2560009765625,49.39413832014003
262,2022-05-05 00:00:00-04:00,313.00665283203125,315.20001220703125,285.8999938964844,291.09332275390625,92519100,0.0,0.0,304.91200256347656,333.03778076171875,313.984267578125,40.636421952957264
263,2022-05-06 00:00:00-04:00,295.6666564941406,296.0,281.03668212890625,288.54998779296875,72903000,0.0,0.0,300.2653350830078,331.3903361002604,314.4168005371094,39.903689372927175
264,2022-05-09 00:00:00-04:00,278.8166809082031,281.8766784667969,260.3833312988281,262.3699951171875,90810300,0.0,0.0,293.23500061035156,328.9066691080729,314.2650671386719,33.256255418964514
265,2022-05-10 00:00:00-04:00,273.10333251953125,275.1199951171875,258.0833435058594,266.67999267578125,84401700,0.0,0.0,290.6889984130859,325.66444702148436,313.7958001708984,35.170964200813685
266,2022-05-11 00:00:00-04:00,265.0,269.92333984375,242.39999389648438,244.6666717529297,97224600,0.0,0.0,285.7719985961914,321.6025578816732,312.92666717529295,30.377615100064432
267,2022-05-12 00:00:00-04:00,233.6666717529297,253.22000122070312,226.6666717529297,242.6666717529297,140313000,0.0,0.0,280.7883331298828,317.53600260416664,311.9140673828125,29.977868617229078
268,2022-05-13 00:00:00-04:00,257.82666015625,262.45001220703125,250.52333068847656,256.5299987792969,92150700,0.0,0.0,277.41600036621094,314.11366882324216,311.44940063476565,36.24104079800253
269,2022-05-16 00:00:00-04:00,255.72000122070312,256.586669921875,239.69667053222656,241.4566650390625,86098500,0.0,0.0,271.4636657714844,310.11122436523436,310.68993408203124,32.805234281648765
270,2022-05-17 00:00:00-04:00,249.1199951171875,254.82666015625,242.9499969482422,253.8699951171875,80236200,0.0,0.0,266.5423309326172,305.84633483886716,310.4034674072266,38.016772156564855
271,2022-05-18 00:00:00-04:00,248.17333984375,253.5,233.60333251953125,236.60333251953125,87811800,0.0,0.0,258.44866333007815,301.6080017089844,309.6395343017578,34.05968297692738
272,2022-05-19 00:00:00-04:00,235.6666717529297,244.6666717529297,231.3699951171875,236.47332763671875,90296700,0.0,0.0,252.98666381835938,297.8708902994792,308.6425341796875,34.03096123609333
273,2022-05-20 00:00:00-04:00,237.99667358398438,240.52667236328125,211.0,221.3000030517578,144973200,0.0,0.0,246.26166534423828,293.5002232869466,307.47986785888673,30.769607666620004
274,2022-05-23 00:00:00-04:00,218.33999633789062,226.65333557128906,212.68666076660156,224.96665954589844,88903500,0.0,0.0,242.52133178710938,289.6047790527344,306.67686767578124,32.45420514039212
275,2022-05-24 00:00:00-04:00,217.8433380126953,217.97332763671875,206.85667419433594,209.3866729736328,89092500,0.0,0.0,236.79199981689453,285.7406682332357,305.75546783447265,29.202568959508923
276,2022-05-25 00:00:00-04:00,207.9499969482422,223.10667419433594,207.6699981689453,219.60000610351562,92139300,0.0,0.0,234.28533325195312,282.0945571899414,304.8015347290039,33.879411843850676
277,2022-05-26 00:00:00-04:00,220.47332763671875,239.55667114257812,217.8866729736328,235.91000366210938,106003200,0.0,0.0,233.6096664428711,278.598557027181,303.9182015991211,40.62486280155738
278,2022-05-27 00:00:00-04:00,241.0833282470703,253.26666259765625,240.17666625976562,253.2100067138672,89295000,0.0,0.0,233.2776672363281,276.0944458007813,303.1717352294922,46.821899507472224
279,2022-05-31 00:00:00-04:00,257.9466552734375,259.6000061035156,244.7433319091797,252.75332641601562,101914500,0.0,0.0,234.40733337402344,273.36077880859375,302.19086853027346,46.68338585902368
280,2022-06-01 00:00:00-04:00,251.72000122070312,257.32666015625,243.63999938964844,246.7899932861328,77247900,0.0,0.0,233.69933319091797,270.16322275797523,300.9856015014648,44.81887065972851
281,2022-06-02 00:00:00-04:00,244.1566619873047,264.2099914550781,242.06666564941406,258.3333435058594,93473100,0.0,0.0,235.8723342895508,267.9165562947591,299.525735168457,49.060076527696985
282,2022-06-03 00:00:00-04:00,243.22666931152344,247.79666137695312,233.4166717529297,234.51666259765625,112393800,0.0,0.0,235.67666778564453,264.52511138916014,297.55533477783206,41.90381248733057
283,2022-06-06 00:00:00-04:00,244.35333251953125,244.86666870117188,234.35000610351562,238.27999877929688,84204600,0.0,0.0,237.37466735839843,261.3005559285482,295.5614682006836,43.31094125533789
284,2022-06-07 00:00:00-04:00,234.0,239.99667358398438,230.0933380126953,238.8866729736328,72808500,0.0,0.0,238.76666870117188,258.17433369954426,293.6016015625,43.54831370829213
285,2022-06-08 00:00:00-04:00,240.086669921875,249.9633331298828,239.17666625976562,241.86666870117188,76210500,0.0,0.0,242.0146682739258,256.49855550130206,291.1600018310547,44.77162818262423
286,2022-06-09 00:00:00-04:00,249.33999633789062,255.54666137695312,239.32666015625,239.7066650390625,96491400,0.0,0.0,244.02533416748048,254.69422200520833,288.6236682128906,44.026891496985286
287,2022-06-10 00:00:00-04:00,235.1566619873047,239.5,227.913330078125,232.22999572753906,97536600,0.0,0.0,243.65733337402344,252.68511098225912,285.9750015258789,41.456323968544176
288,2022-06-13 00:00:00-04:00,223.1666717529297,226.63333129882812,214.68333435058594,215.73666381835938,102767400,0.0,0.0,239.90999908447264,250.20122222900392,283.1057345581055,36.40651436258837
289,2022-06-14 00:00:00-04:00,218.2866668701172,226.3300018310547,211.73666381835938,220.88999938964844,97988700,0.0,0.0,236.72366638183593,247.53155517578125,280.2929345703125,38.9104094993583
290,2022-06-15 00:00:00-04:00,220.9166717529297,235.663330078125,218.14999389648438,233.0,119131800,0.0,0.0,235.34466705322265,245.19544372558593,277.31660095214846,44.44594564721716
291,2022-06-16 00:00:00-04:00,222.73666381835938,225.1666717529297,208.69332885742188,213.10000610351562,107390700,0.0,0.0,230.8213333129883,241.7141103108724,274.30353454589846,38.30370627982607
292,2022-06-17 00:00:00-04:00,213.43333435058594,220.97000122070312,213.19667053222656,216.75999450683594,92641800,0.0,0.0,229.04566650390626,239.23633270263673,271.66700103759763,39.94746246204962
293,2022-06-21 00:00:00-04:00,224.60333251953125,243.57666015625,224.3333282470703,237.0366668701172,122793000,0.0,0.0,228.92133331298828,237.51922200520832,269.3593341064453,48.18398663957816
294,2022-06-22 00:00:00-04:00,234.50332641601562,246.8333282470703,233.82666015625,236.086669921875,101107500,0.0,0.0,228.6413330078125,236.6431111653646,267.2444677734375,47.852832283947976
295,2022-06-23 00:00:00-04:00,237.9066619873047,239.31666564941406,228.6366729736328,235.07000732421875,104202600,0.0,0.0,227.9616668701172,235.58944498697917,265.43966796875,47.47677992514804
296,2022-06-24 00:00:00-04:00,237.47000122070312,246.06666564941406,236.086669921875,245.7066650390625,95770800,0.0,0.0,228.5616668701172,235.62411142985027,263.77413452148437,51.749057769563045
297,2022-06-27 00:00:00-04:00,249.36666870117188,252.07000732421875,242.56666564941406,244.9199981689453,89178300,0.0,0.0,229.8306671142578,235.6992223103841,261.85673431396486,51.41595639586145
298,2022-06-28 00:00:00-04:00,244.48333740234375,249.97000122070312,232.3433380126953,232.663330078125,90391200,0.0,0.0,231.52333374023436,234.9036666870117,259.94333404541015,46.40412123960671
299,2022-06-29 00:00:00-04:00,230.5,231.17333984375,222.27333068847656,228.49000549316406,82897200,0.0,0.0,232.28333435058593,234.47144470214843,257.81786743164065,44.80272889356102
300,2022-06-30 00:00:00-04:00,224.50999450683594,229.4566650390625,218.8633270263672,224.47332763671875,94600500,0.0,0.0,231.4306671142578,233.4915557861328,255.45300048828125,43.255508644359146
301,2022-07-01 00:00:00-04:00,227.0,230.22999572753906,222.1199951171875,227.26333618164062,74460300,0.0,0.0,232.8470001220703,233.1802225748698,253.4836004638672,44.684461923220155
302,2022-07-05 00:00:00-04:00,223.0,233.14666748046875,216.1666717529297,233.06666564941406,84581100,0.0,0.0,234.47766723632813,233.06666717529296,251.41973358154297,47.638156768353795
303,2022-07-06 00:00:00-04:00,230.77999877929688,234.56333923339844,227.18666076660156,231.73333740234375,71853600,0.0,0.0,233.94733428955078,233.41444498697916,249.35406707763673,47.01697640739632
304,2022-07-07 00:00:00-04:00,233.9199981689453,245.3633270263672,232.2100067138672,244.5433349609375,81930600,0.0,0.0,234.79300079345703,234.06700083414714,247.59146697998048,53.31541526768621
305,2022-07-08 00:00:00-04:00,242.3333282470703,254.97999572753906,241.16000366210938,250.76333618164062,101854200,0.0,0.0,236.36233367919922,235.44622294108072,246.76393341064454,56.04756931962123
306,2022-07-11 00:00:00-04:00,252.10333251953125,253.06333923339844,233.6266632080078,234.3433380126953,99241200,0.0,0.0,235.2260009765625,235.9376673380534,245.57406677246092,48.05261435080185
307,2022-07-12 00:00:00-04:00,236.84666442871094,239.77333068847656,228.3699951171875,233.07000732421875,87930900,0.0,0.0,234.04100189208984,235.84300079345704,244.385400390625,47.48691461332241
308,2022-07-13 00:00:00-04:00,225.5,242.05999755859375,225.03334045410156,237.0399932861328,97954500,0.0,0.0,234.47866821289062,235.3040003458659,243.32113372802735,49.48370684989697
309,2022-07-14 00:00:00-04:00,234.89666748046875,238.65333557128906,229.3333282470703,238.31333923339844,78557400,0.0,0.0,235.46100158691405,234.82266743977866,242.06780029296874,50.13860221294726
310,2022-07-15 00:00:00-04:00,240.0,243.6233367919922,236.88999938964844,240.06666564941406,69683100,0.0,0.0,237.02033538818358,234.5985565185547,240.80746673583985,51.079053575352226
311,2022-07-18 00:00:00-04:00,244.93666076660156,250.51666259765625,239.60333251953125,240.54666137695312,82537500,0.0,0.0,238.34866790771486,234.00566711425782,239.26759979248047,51.34958499973447
312,2022-07-19 00:00:00-04:00,245.0,247.13999938964844,236.97666931152344,245.52999877929688,80890200,0.0,0.0,239.59500122070312,234.3727783203125,238.35633331298828,54.18242823339681
313,2022-07-20 00:00:00-04:00,246.78334045410156,250.663330078125,243.48333740234375,247.5,88864200,0.0,0.0,241.17166748046876,234.68011169433595,237.5353335571289,55.29074601739047
314,2022-07-21 00:00:00-04:00,255.10667419433594,273.26666259765625,254.86666870117188,271.7066650390625,142032300,0.0,0.0,243.88800048828125,235.77411142985025,237.72206695556642,66.13191328141514
315,2022-07-22 00:00:00-04:00,276.2200012207031,280.78668212890625,270.71331787109375,272.24334716796875,103472700,0.0,0.0,246.03600158691407,236.7866673787435,237.83333404541017,66.32686587555057
316,2022-07-25 00:00:00-04:00,272.2166748046875,274.14666748046875,267.3999938964844,268.4333190917969,64073400,0.0,0.0,249.44499969482422,237.74422251383464,238.3086669921875,63.53097879485982
317,2022-07-26 00:00:00-04:00,266.5133361816406,267.30999755859375,256.2633361816406,258.8599853515625,66820800,0.0,0.0,252.02399749755858,238.63188883463542,238.63253326416014,57.02631080181811
318,2022-07-27 00:00:00-04:00,263.80999755859375,275.9266662597656,261.7900085449219,274.82000732421875,88110000,0.0,0.0,255.8019989013672,240.60133361816406,238.99833343505858,63.69915898248542
319,2022-07-28 00:00:00-04:00,280.0666809082031,283.29998779296875,272.79998779296875,280.8999938964844,84723000,0.0,0.0,260.06066436767577,242.60166676839194,239.78720001220702,65.8731541520005
320,2022-07-29 00:00:00-04:00,280.70001220703125,298.32000732421875,279.1000061035156,297.1499938964844,95313000,0.0,0.0,265.7689971923828,244.73999989827473,240.65279998779297,70.89087471468756
321,2022-08-01 00:00:00-04:00,301.27667236328125,311.8766784667969,295.0,297.27667236328125,117042900,0.0,0.0,271.44199829101564,247.54588877360027,241.86626678466797,70.92676177168332
322,2022-08-02 00:00:00-04:00,294.0033264160156,307.8333435058594,292.6666564941406,300.586669921875,95577600,0.0,0.0,276.9476654052734,250.3401112874349,243.1485336303711,71.90152903434698
323,2022-08-03 00:00:00-04:00,305.0,309.54998779296875,301.1499938964844,307.39666748046875,80091000,0.0,0.0,282.9373321533203,252.6854446411133,244.8704669189453,73.84453419082868
324,2022-08-04 00:00:00-04:00,311.0,313.6066589355469,305.0,308.6333312988281,72256200,0.0,0.0,286.6299987792969,255.10366668701172,246.5438003540039,74.19352130875089
325,2022-08-05 00:00:00-04:00,302.6700134277344,304.6066589355469,285.5433349609375,288.1700134277344,113172900,0.0,0.0,288.22266540527346,256.87366689046223,248.11946716308594,59.94131016009512
326,2022-08-08 00:00:00-04:00,295.0,305.20001220703125,289.086669921875,290.42333984375,98994000,0.0,0.0,290.4216674804687,258.36422271728514,249.53593383789064,60.8335130471283
327,2022-08-09 00:00:00-04:00,290.2933349609375,292.39666748046875,279.35333251953125,283.3333435058594,86244600,0.0,0.0,292.86900329589844,259.64466756184896,250.48440063476562,56.56459194961642
328,2022-08-10 00:00:00-04:00,297.0666809082031,297.510009765625,283.3699951171875,294.3566589355469,94918800,0.0,0.0,294.8226684570312,261.70111185709635,251.30733367919922,61.13151553824841
329,2022-08-11 00:00:00-04:00,296.5133361816406,298.2366638183594,285.8333435058594,286.6300048828125,70155000,0.0,0.0,295.3956695556641,263.6391118367513,251.98486724853515,56.63641402575137
330,2022-08-12 00:00:00-04:00,289.4166564941406,300.1600036621094,285.0333251953125,300.0299987792969,79657200,0.0,0.0,295.6836700439453,266.1576675415039,253.04966735839844,61.872539413619734
331,2022-08-15 00:00:00-04:00,301.78668212890625,313.1333312988281,301.2300109863281,309.32000732421875,89359200,0.0,0.0,296.88800354003905,268.8928899129232,254.06940063476563,65.02559335262535
332,2022-08-16 00:00:00-04:00,311.6666564941406,314.6666564941406,302.8833312988281,306.5633239746094,88136400,0.0,0.0,297.4856689453125,271.342778523763,255.5103338623047,63.3514015923522
333,2022-08-17 00:00:00-04:00,303.39666748046875,309.65667724609375,300.0333251953125,303.9966735839844,68766000,0.0,0.0,297.1456695556641,273.7515563964844,256.8246673583984,61.757093532098864
334,2022-08-18 00:00:00-04:00,306.0,306.5,301.85333251953125,302.8699951171875,47500500,0.0,0.0,296.5693359375,275.69577840169273,258.10433380126955,61.03101339471693
335,2022-08-19 00:00:00-04:00,299.0,300.3599853515625,292.5,296.6666564941406,61395300,0.0,0.0,297.41900024414065,277.22588907877605,259.2003335571289,57.053683844080204
336,2022-08-22 00:00:00-04:00,291.913330078125,292.3999938964844,286.2966613769531,289.913330078125,55843200,0.0,0.0,297.3679992675781,279.0782221476237,260.2044668579102,53.00395272168509
337,2022-08-23 00:00:00-04:00,291.4533386230469,298.82666015625,287.92333984375,296.4533386230469,63984900,0.0,0.0,298.67999877929685,281.19099985758464,261.48893371582034,56.24312505150464
338,2022-08-24 00:00:00-04:00,297.5633239746094,303.64666748046875,296.5,297.0966796875,57259800,0.0,0.0,298.95400085449216,283.19288940429686,263.11613403320314,56.560306019270705
339,2022-08-25 00:00:00-04:00,302.3599853515625,302.9599914550781,291.6000061035156,296.07000732421875,53230000,0.0,3.0,299.8980010986328,285.1181116739909,264.6197341918945,55.86436731806751
340,2022-08-26 00:00:00-04:00,297.42999267578125,302.0,287.4700012207031,288.0899963378906,57163900,0.0,0.0,298.70400085449216,286.71888936360676,265.72153411865236,50.64789465195527
341,2022-08-29 00:00:00-04:00,282.8299865722656,287.739990234375,280.70001220703125,284.82000732421875,41864700,0.0,0.0,296.2540008544922,288.194667561849,267.1559341430664,48.643450710357044
342,2022-08-30 00:00:00-04:00,287.8699951171875,288.4800109863281,272.6499938964844,277.70001220703125,50541800,0.0,0.0,293.3676696777344,289.2670013427734,268.37473449707034,44.51265165007747
343,2022-08-31 00:00:00-04:00,280.6199951171875,281.25,271.80999755859375,275.6099853515625,52107300,0.0,0.0,290.5290008544922,290.20400085449216,269.14620086669925,43.34894091830882
344,2022-09-01 00:00:00-04:00,272.5799865722656,277.5799865722656,266.1499938964844,277.1600036621094,54287000,0.0,0.0,287.9580017089844,290.3857788085937,269.9676675415039,44.507623668251014
345,2022-09-02 00:00:00-04:00,281.07000732421875,282.3500061035156,269.0799865722656,270.2099914550781,50890100,0.0,0.0,285.3123352050781,290.3180002848307,270.67046722412107,40.50706446862367
346,2022-09-06 00:00:00-04:00,272.67999267578125,275.989990234375,265.739990234375,274.4200134277344,55860000,0.0,0.0,283.76300354003905,290.51755676269534,271.2447341918945,43.8023132767742
347,2022-09-07 00:00:00-04:00,273.1000061035156,283.8399963378906,272.2699890136719,283.70001220703125,50028900,0.0,0.0,282.4876708984375,291.3455576578776,272.02033447265626,50.3327359356592
348,2022-09-08 00:00:00-04:00,281.29998779296875,289.5,279.760009765625,289.260009765625,53713100,0.0,0.0,281.70400390625,291.82689107259114,273.15226806640624,53.79695105051834
349,2022-09-09 00:00:00-04:00,291.6700134277344,299.8500061035156,291.25,299.67999267578125,54338100,0.0,0.0,282.06500244140625,292.45289103190106,274.5760678100586,59.49838439700322
350,2022-09-12 00:00:00-04:00,300.7200012207031,305.489990234375,300.3999938964844,304.4200134277344,48674600,0.0,0.0,283.6980041503906,292.695225016276,276.1750015258789,61.807217974631484
351,2022-09-13 00:00:00-04:00,292.8999938964844,297.3999938964844,290.3999938964844,292.1300048828125,68229600,0.0,0.0,284.42900390625,292.52366943359374,277.47233489990236,53.31997147385427
352,2022-09-14 00:00:00-04:00,292.239990234375,306.0,291.6400146484375,302.6099853515625,72628700,0.0,0.0,286.9200012207031,292.59111328125,278.86320129394534,58.547231804959935
353,2022-09-15 00:00:00-04:00,301.8299865722656,309.1199951171875,300.7200012207031,303.75,64795500,0.0,0.0,289.7340026855469,292.4695576985677,280.30353454589846,59.08398054685386
354,2022-09-16 00:00:00-04:00,299.6099853515625,303.7099914550781,295.6000061035156,303.3500061035156,87087800,0.0,0.0,292.3530029296875,292.29344685872394,281.47966796875,58.796310141393555
355,2022-09-19 00:00:00-04:00,300.0899963378906,309.8399963378906,297.79998779296875,309.07000732421875,60231200,0.0,0.0,296.23900451660154,292.9901133219401,282.64580139160154,61.67031888779732
356,2022-09-20 00:00:00-04:00,306.9100036621094,313.3299865722656,305.5799865722656,308.7300109863281,61642800,0.0,0.0,299.6700042724609,293.6003356933594,284.1335348510742,61.39618912373405
357,2022-09-21 00:00:00-04:00,308.2900085449219,313.79998779296875,300.6300048828125,300.79998779296875,62555700,0.0,0.0,301.3800018310547,294.18255716959635,285.4881344604492,55.229704927999364
358,2022-09-22 00:00:00-04:00,299.8599853515625,301.2900085449219,285.82000732421875,288.5899963378906,70545400,0.0,0.0,301.31300048828126,293.99033508300784,286.5191345214844,47.34483706474554
359,2022-09-23 00:00:00-04:00,283.0899963378906,284.5,272.82000732421875,275.3299865722656,63748400,0.0,0.0,298.8779998779297,293.61366780598956,287.25946746826173,40.57078841293967
360,2022-09-26 00:00:00-04:00,271.8299865722656,284.0899963378906,270.30999755859375,276.010009765625,58076900,0.0,0.0,296.03699951171876,292.81300150553386,287.97833435058595,41.03671971325952
361,2022-09-27 00:00:00-04:00,283.8399963378906,288.6700134277344,277.510009765625,282.94000244140625,61925200,0.0,0.0,295.1179992675781,291.9336680094401,288.826201171875,45.70815415749145
362,2022-09-28 00:00:00-04:00,283.0799865722656,289.0,277.57000732421875,287.80999755859375,54664800,0.0,0.0,293.63800048828125,291.3085571289063,289.67180114746094,48.77926080058634
363,2022-09-29 00:00:00-04:00,282.760009765625,283.6499938964844,265.7799987792969,268.2099914550781,77620600,0.0,0.0,290.08399963378906,290.11566772460935,290.0860009765625,39.174685373474844
364,2022-09-30 00:00:00-04:00,266.1499938964844,275.57000732421875,262.4700012207031,265.25,67726600,0.0,0.0,286.2739990234375,288.8616678873698,289.95686767578127,37.95912079659026
365,2022-10-03 00:00:00-04:00,254.5,255.16000366210938,241.00999450683594,242.39999389648438,98363500,0.0,0.0,279.60699768066405,287.0527791341146,289.36000061035156,30.175131410733428
366,2022-10-04 00:00:00-04:00,250.52000427246094,257.5,242.00999450683594,249.44000244140625,109578500,0.0,0.0,273.67799682617186,285.70366821289065,288.9801342773437,34.623294203237435
367,2022-10-05 00:00:00-04:00,245.00999450683594,246.6699981689453,233.27000427246094,240.80999755859375,86982700,0.0,0.0,267.6789978027344,283.84889017740886,288.6191345214844,31.937378662555815
368,2022-10-06 00:00:00-04:00,239.44000244140625,244.5800018310547,235.35000610351562,238.1300048828125,69298400,0.0,0.0,262.63299865722655,281.8833343505859,287.88533447265627,31.12975883750002
369,2022-10-07 00:00:00-04:00,233.94000244140625,234.57000732421875,222.02000427246094,223.07000732421875,83916800,0.0,0.0,257.40700073242186,279.4500010172526,286.7287347412109,26.998162461365567
370,2022-10-10 00:00:00-04:00,223.92999267578125,226.99000549316406,218.36000061035156,222.9600067138672,67925000,0.0,0.0,252.10200042724608,277.2790013631185,285.2449349975586,26.970006001382487
371,2022-10-11 00:00:00-04:00,220.9499969482422,225.75,215.0,216.5,77013200,0.0,0.0,245.45800018310547,275.00166778564454,283.629401550293,25.30119398104324
372,2022-10-12 00:00:00-04:00,215.3300018310547,219.3000030517578,211.50999450683594,217.24000549316406,66860700,0.0,0.0,238.4010009765625,272.9863342285156,281.96246826171875,25.867073762432213
373,2022-10-13 00:00:00-04:00,208.3000030517578,222.99000549316406,206.22000122070312,221.72000122070312,91483000,0.0,0.0,233.752001953125,271.19000142415365,280.2489349365234,29.356163453045312
374,2022-10-14 00:00:00-04:00,224.00999450683594,226.25999450683594,204.16000366210938,204.99000549316406,94124500,0.0,0.0,227.72600250244142,268.78433481852215,278.17606842041016,24.683987211862316
375,2022-10-17 00:00:00-04:00,210.0399932861328,221.86000061035156,209.4499969482422,219.35000610351562,79428800,0.0,0.0,225.42100372314454,267.08900197347003,276.79966827392576,34.34322345663621
376,2022-10-18 00:00:00-04:00,229.5,229.82000732421875,217.25,220.19000244140625,75891900,0.0,0.0,222.49600372314453,265.28133494059244,275.3950015258789,34.86942004825269
377,2022-10-19 00:00:00-04:00,219.8000030517578,222.92999267578125,217.77999877929688,222.0399932861328,66571500,0.0,0.0,220.61900329589844,263.2260009765625,274.16913452148435,36.08435360882818
378,2022-10-20 00:00:00-04:00,208.27999877929688,215.5500030517578,202.0,207.27999877929688,117798100,0.0,0.0,217.53400268554688,260.4933339436849,272.4276013183594,31.099797936863126
379,2022-10-21 00:00:00-04:00,206.4199981689453,214.66000366210938,203.8000030517578,214.44000244140625,75713800,0.0,0.0,216.67100219726564,257.6520009358724,270.9838012695312,35.73724129422807
380,2022-10-24 00:00:00-04:00,205.82000732421875,213.5,198.58999633789062,211.25,100446800,0.0,0.0,215.5000015258789,254.54633382161458,269.2082012939453,34.619250473401124
381,2022-10-25 00:00:00-04:00,210.10000610351562,224.35000610351562,210.0,222.4199981689453,96507900,0.0,0.0,216.09200134277344,252.22266693115233,267.47020111083987,41.518224820893494
382,2022-10-26 00:00:00-04:00,219.39999389648438,230.60000610351562,218.1999969482422,224.63999938964844,85012500,0.0,0.0,216.83200073242188,249.62366739908853,265.8317346191406,42.80986210706213
383,2022-10-27 00:00:00-04:00,229.77000427246094,233.80999755859375,222.85000610351562,225.08999633789062,61638800,0.0,0.0,217.16900024414062,247.00166727701824,264.25360107421875,43.08426797309611
384,2022-10-28 00:00:00-04:00,225.39999389648438,228.86000061035156,216.35000610351562,228.52000427246094,69152400,0.0,0.0,219.52200012207032,244.50733388264973,262.7666012573242,45.24100863830703
385,2022-10-31 00:00:00-04:00,226.19000244140625,229.85000610351562,221.94000244140625,227.5399932861328,61554300,0.0,0.0,220.34099884033202,241.78966674804687,261.3840679931641,44.71959312579082
386,2022-11-01 00:00:00-04:00,234.0500030517578,237.39999389648438,227.27999877929688,227.82000732421875,62688800,0.0,0.0,221.10399932861327,239.09266662597656,260.14220153808594,44.91494563539058
387,2022-11-02 00:00:00-04:00,226.0399932861328,227.8699951171875,214.82000732421875,214.97999572753906,63070300,0.0,0.0,220.39799957275392,236.23200022379558,258.51273468017575,38.241462704580854
388,2022-11-03 00:00:00-04:00,211.36000061035156,221.1999969482422,210.13999938964844,215.30999755859375,56538800,0.0,0.0,221.20099945068358,233.78933359781902,256.87700103759767,38.494399467345474
389,2022-11-04 00:00:00-04:00,222.60000610351562,223.8000030517578,203.0800018310547,207.47000122070312,98622200,0.0,0.0,220.50399932861328,231.52733408610027,255.10500091552734,34.84333984728073
390,2022-11-07 00:00:00-05:00,208.64999389648438,208.89999389648438,196.66000366210938,197.0800018310547,93916500,0.0,0.0,219.08699951171874,228.89633382161458,253.28480102539064,30.68911426514218
391,2022-11-08 00:00:00-05:00,194.02000427246094,195.1999969482422,186.75,191.3000030517578,128803400,0.0,0.0,215.975,225.84166717529297,251.4144009399414,28.643194231483832
392,2022-11-09 00:00:00-05:00,190.77999877929688,195.88999938964844,177.1199951171875,177.58999633789062,127062700,0.0,0.0,211.2699996948242,222.16766713460285,249.4122006225586,24.475216032036627
393,2022-11-10 00:00:00-05:00,189.89999389648438,191.0,180.02999877929688,190.72000122070312,132703000,0.0,0.0,207.83300018310547,219.5846674601237,247.7144009399414,34.33070642072957
394,2022-11-11 00:00:00-05:00,186.0,196.52000427246094,182.58999633789062,195.97000122070312,114403600,0.0,0.0,204.5779998779297,217.27533416748048,246.09060089111327,37.8244229978428
395,2022-11-14 00:00:00-05:00,192.77000427246094,195.72999572753906,186.33999633789062,190.9499969482422,92226600,0.0,0.0,200.91900024414062,215.56033426920573,244.50540100097658,35.859871053710194
396,2022-11-15 00:00:00-05:00,195.8800048828125,200.82000732421875,192.05999755859375,194.4199981689453,91293800,0.0,0.0,197.5789993286133,213.72633412679036,242.90540069580078,38.247442506250515
397,2022-11-16 00:00:00-05:00,191.50999450683594,192.57000732421875,185.66000366210938,186.9199981689453,66567600,0.0,0.0,194.77299957275392,211.93000081380208,240.96980041503906,35.197738899675
398,2022-11-17 00:00:00-05:00,183.9600067138672,186.16000366210938,180.89999389648438,183.1699981689453,64336000,0.0,0.0,191.55899963378906,210.0980005900065,238.84800018310546,33.748741829516376
399,2022-11-18 00:00:00-05:00,185.0500030517578,185.19000244140625,176.5500030517578,180.19000244140625,76048900,0.0,0.0,188.83099975585938,208.66866709391277,236.45820037841796,32.60021214242623
400,2022-11-21 00:00:00-05:00,175.85000610351562,176.77000427246094,167.5399932861328,167.8699951171875,92882700,0.0,0.0,185.90999908447264,206.83233337402345,233.72720001220702,28.31063693309106
401,2022-11-22 00:00:00-05:00,168.6300048828125,170.9199981689453,166.19000244140625,169.91000366210938,78452300,0.0,0.0,183.7709991455078,205.27933349609376,231.28279998779297,29.954182586574987
402,2022-11-23 00:00:00-05:00,173.57000732421875,183.6199951171875,172.5,183.1999969482422,109536700,0.0,0.0,184.33199920654297,204.14466654459636,228.89460021972656,39.659570644109
403,2022-11-25 00:00:00-05:00,185.05999755859375,185.1999969482422,180.6300048828125,182.86000061035156,50672700,0.0,0.0,183.5459991455078,202.84933319091797,226.4768002319336,39.50875091457141
404,2022-11-28 00:00:00-05:00,179.9600067138672,188.5,179.0,182.9199981689453,92905200,0.0,0.0,182.24099884033203,202.11366628011066,224.0682000732422,39.55243597853795
405,2022-11-29 00:00:00-05:00,184.99000549316406,186.3800048828125,178.75,180.8300018310547,83357100,0.0,0.0,181.22899932861327,200.8296661376953,221.5033999633789,38.50915557673461
406,2022-11-30 00:00:00-05:00,182.42999267578125,194.75999450683594,180.6300048828125,194.6999969482422,109186400,0.0,0.0,181.25699920654296,199.97999928792316,219.2227996826172,48.26240850468002
407,2022-12-01 00:00:00-05:00,197.0800018310547,198.9199981689453,191.8000030517578,194.6999969482422,80046200,0.0,0.0,182.03499908447264,199.06866607666015,217.10079986572265,48.262408504680025
408,2022-12-02 00:00:00-05:00,191.77999877929688,196.25,191.11000061035156,194.86000061035156,73645900,0.0,0.0,183.2039993286133,198.6546661376953,215.22619995117188,48.37196738541163
409,2022-12-05 00:00:00-05:00,189.44000244140625,191.27000427246094,180.5500030517578,182.4499969482422,93122700,0.0,0.0,183.42999877929688,197.5883326212565,213.3686001586914,41.10202073814695
410,2022-12-06 00:00:00-05:00,181.22000122070312,183.64999389648438,175.3300018310547,179.82000732421875,92150800,0.0,0.0,184.625,196.54066619873046,211.44480010986328,39.73894309873461
411,2022-12-07 00:00:00-05:00,175.02999877929688,179.3800048828125,172.22000122070312,174.0399932861328,84213300,0.0,0.0,185.03799896240236,194.9279993693034,209.2667999267578,36.84681876734647
412,2022-12-08 00:00:00-05:00,172.1999969482422,175.1999969482422,169.05999755859375,173.44000244140625,97624500,0.0,0.0,184.06199951171874,193.221332804362,206.97940002441408,36.54945913232048
413,2022-12-09 00:00:00-05:00,173.83999633789062,182.5,173.36000061035156,179.0500030517578,104872300,0.0,0.0,183.68099975585938,191.6866663614909,205.19620025634765,41.31804451038682
414,2022-12-12 00:00:00-05:00,176.10000610351562,177.3699951171875,167.52000427246094,167.82000732421875,109794500,0.0,0.0,182.1710006713867,189.6633331298828,203.24760040283203,35.55723423135704
415,2022-12-13 00:00:00-05:00,174.8699951171875,175.0500030517578,156.91000366210938,160.9499969482422,175862700,0.0,0.0,180.18300018310546,187.44366658528645,201.61860046386718,32.565871971300155
416,2022-12-14 00:00:00-05:00,159.25,161.6199951171875,155.30999755859375,156.8000030517578,140682300,0.0,0.0,176.39300079345702,185.07633310953776,199.76580047607422,30.876062657604507
417,2022-12-15 00:00:00-05:00,153.44000244140625,160.92999267578125,153.27999877929688,157.6699981689453,122334500,0.0,0.0,172.69000091552735,183.16599985758464,198.10300048828125,31.676448616577474
418,2022-12-16 00:00:00-05:00,159.63999938964844,160.99000549316406,150.0399932861328,150.22999572753906,139032200,0.0,0.0,168.22700042724608,180.99666646321614,196.34500030517577,28.624038736372597
419,2022-12-19 00:00:00-05:00,154.0,155.25,145.82000732421875,149.8699951171875,139390600,0.0,0.0,164.96900024414063,179.07666625976563,194.88100006103517,28.481025304764643
420,2022-12-20 00:00:00-05:00,146.0500030517578,148.47000122070312,137.66000366210938,137.8000030517578,159563300,0.0,0.0,160.76699981689453,177.10066630045574,193.17779998779298,24.128301601082583
421,2022-12-21 00:00:00-05:00,139.33999633789062,141.25999450683594,135.88999938964844,137.57000732421875,145417400,0.0,0.0,157.12000122070313,175.3096664428711,191.59920013427734,24.05286713853087
422,2022-12-22 00:00:00-05:00,136.0,136.6300048828125,122.26000213623047,125.3499984741211,210090300,0.0,0.0,152.3110008239746,173.56833318074544,189.76139999389648,20.40302525900057
423,2022-12-23 00:00:00-05:00,126.37000274658203,128.6199951171875,121.0199966430664,123.1500015258789,166989700,0.0,0.0,146.72100067138672,171.31599985758464,187.79,19.81992341987535
424,2022-12-27 00:00:00-05:00,117.5,119.66999816894531,108.76000213623047,109.0999984741211,208643400,0.0,0.0,140.84899978637696,168.42033309936522,185.87219985961914,16.56412588529946
425,2022-12-28 00:00:00-05:00,110.3499984741211,116.2699966430664,108.23999786376953,112.70999908447266,221070500,0.0,0.0,136.025,165.8123331705729,183.7393997192383,20.191721761553183
426,2022-12-29 00:00:00-05:00,120.38999938964844,123.56999969482422,117.5,121.81999969482422,221923300,0.0,0.0,132.52699966430663,163.39233322143554,181.77199966430663,28.625201200858953
427,2022-12-30 00:00:00-05:00,119.94999694824219,124.4800033569336,119.75,123.18000030517578,157777300,0.0,0.0,129.0779998779297,161.26766662597657,179.7947998046875,29.817521480930296
428,2023-01-03 00:00:00-05:00,118.47000122070312,118.80000305175781,104.63999938964844,108.0999984741211,231402800,0.0,0.0,124.8650001525879,158.76533330281575,177.81119979858397,24.85874809441671
429,2023-01-04 00:00:00-05:00,109.11000061035156,114.58999633789062,107.5199966430664,113.63999938964844,180389000,0.0,0.0,121.24200057983398,156.54699986775717,175.79519973754884,29.497492162771778
430,2023-01-05 00:00:00-05:00,110.51000213623047,111.75,107.16000366210938,110.33999633789062,157986300,0.0,0.0,118.49599990844726,154.62933324178059,173.77699966430663,28.373846477361752
431,2023-01-06 00:00:00-05:00,103.0,114.38999938964844,101.80999755859375,113.05999755859375,220911100,0.0,0.0,116.04499893188476,152.73433303833008,171.5897996520996,30.71652865790861
432,2023-01-09 00:00:00-05:00,118.95999908447266,123.5199966430664,117.11000061035156,119.7699966430664,190284000,0.0,0.0,115.4869987487793,150.61999969482423,169.49239959716797,36.2554224484491
433,2023-01-10 00:00:00-05:00,121.06999969482422,122.76000213623047,114.91999816894531,118.8499984741211,167642500,0.0,0.0,115.05699844360352,148.48633295694987,167.36759963989257,35.832443254227925
434,2023-01-11 00:00:00-05:00,122.08999633789062,125.94999694824219,120.51000213623047,123.22000122070312,183810800,0.0,0.0,116.46899871826172,146.49633305867513,165.2615995788574,39.446262447927985
435,2023-01-12 00:00:00-05:00,122.55999755859375,124.12999725341797,117.0,123.55999755859375,169400900,0.0,0.0,117.55399856567382,144.58733291625975,163.18199966430663,39.73065916002145
436,2023-01-13 00:00:00-05:00,116.55000305175781,122.62999725341797,115.5999984741211,122.4000015258789,180714100,0.0,0.0,117.6119987487793,142.17733306884764,161.07359954833984,39.056680884131914
437,2023-01-17 00:00:00-05:00,125.69999694824219,131.6999969482422,125.0199966430664,131.49000549316406,186477000,0.0,0.0,118.44299926757813,140.0703333536784,159.40379974365234,46.688580150272514
438,2023-01-18 00:00:00-05:00,136.55999755859375,136.67999267578125,127.01000213623047,128.77999877929688,195680300,0.0,0.0,120.5109992980957,137.86766662597657,157.6731997680664,44.88394854344672
439,2023-01-19 00:00:00-05:00,127.26000213623047,129.99000549316406,124.30999755859375,127.16999816894531,170291900,0.0,0.0,121.86399917602539,136.025,156.06719970703125,43.800770129801215
440,2023-01-20 00:00:00-05:00,128.67999267578125,133.50999450683594,127.3499984741211,133.4199981689453,138858100,0.0,0.0,124.17199935913087,134.47833302815755,154.79399963378907,48.951088617078774
441,2023-01-23 00:00:00-05:00,135.8699951171875,145.3800048828125,134.27000427246094,143.75,203119200,0.0,0.0,127.24099960327149,133.46866658528646,153.8429995727539,56.11038805575946
442,2023-01-24 00:00:00-05:00,143.0,146.5,141.10000610351562,143.88999938964844,158699100,0.0,0.0,129.6529998779297,132.4836664835612,153.16899963378907,56.20004174506985
443,2023-01-25 00:00:00-05:00,141.91000366210938,146.41000366210938,138.07000732421875,144.42999267578125,192734300,0.0,0.0,132.21099929809571,131.3296661376953,152.24319946289063,56.56855877913817
444,2023-01-26 00:00:00-05:00,159.97000122070312,161.4199981689453,154.75999450683594,160.27000427246094,234815100,0.0,0.0,135.91599960327147,131.0779993693034,151.52919952392577,65.68822385328839
445,2023-01-27 00:00:00-05:00,162.42999267578125,180.67999267578125,161.1699981689453,177.89999389648438,306590600,0.0,0.0,141.34999923706056,131.64299926757812,151.26819946289064,72.5875128077697
446,2023-01-30 00:00:00-05:00,178.0500030517578,179.77000427246094,166.5,166.66000366210938,230878800,0.0,0.0,145.7759994506836,131.97166595458984,150.71299957275392,63.78194343139749
447,2023-01-31 00:00:00-05:00,164.57000732421875,174.3000030517578,162.77999877929688,173.22000122070312,196813500,0.0,0.0,149.9489990234375,132.48999938964843,150.43899963378905,66.34779473176982
448,2023-02-01 00:00:00-05:00,173.88999938964844,183.80999755859375,169.92999267578125,181.41000366210938,213806300,0.0,0.0,155.21199951171874,133.52933298746746,150.40379974365234,69.27444676376251
449,2023-02-02 00:00:00-05:00,187.3300018310547,196.75,182.61000061035156,188.27000427246094,217448300,0.0,0.0,161.3220001220703,134.80933329264323,150.56539978027342,71.50947406784898
450,2023-02-03 00:00:00-05:00,183.9499969482422,199.0,183.69000244140625,189.97999572753906,232662000,0.0,0.0,166.97799987792968,136.54866638183594,151.00759979248048,72.05515563780372
451,2023-02-06 00:00:00-05:00,193.00999450683594,198.1699981689453,189.9199981689453,194.75999450683594,186188100,0.0,0.0,172.0789993286133,138.4549992879232,151.504599609375,73.57855548018522
452,2023-02-07 00:00:00-05:00,196.42999267578125,197.5,189.5500030517578,196.80999755859375,186010300,0.0,0.0,177.37099914550782,140.8369992574056,151.77679962158203,74.22746005767425
453,2023-02-08 00:00:00-05:00,196.10000610351562,203.0,194.30999755859375,201.2899932861328,180673600,0.0,0.0,183.05699920654297,143.44166564941406,152.14539947509766,75.63572861833114
454,2023-02-09 00:00:00-05:00,207.77999877929688,214.0,204.77000427246094,207.32000732421875,215431400,0.0,0.0,187.76199951171876,146.7156659444173,152.63339965820313,77.42387500769424
455,2023-02-10 00:00:00-05:00,202.22999572753906,206.1999969482422,192.88999938964844,196.88999938964844,204754100,0.0,0.0,189.66100006103517,149.52166595458985,152.954599609375,68.11224264913005
456,2023-02-13 00:00:00-05:00,194.4199981689453,196.3000030517578,187.61000061035156,194.63999938964844,172475500,0.0,0.0,192.45899963378906,151.94899927775066,152.95339965820312,66.2608833940443
457,2023-02-14 00:00:00-05:00,191.94000244140625,209.82000732421875,189.44000244140625,209.25,216455700,0.0,0.0,196.06199951171874,154.81799926757813,153.2443997192383,71.6495141625424
458,2023-02-15 00:00:00-05:00,211.75999450683594,214.66000366210938,206.11000061035156,214.24000549316406,181006400,0.0,0.0,199.34499969482422,158.35599950154622,153.63199981689453,73.22258692201144
459,2023-02-16 00:00:00-05:00,210.77999877929688,217.64999389648438,201.83999633789062,202.0399932861328,229586500,0.0,0.0,200.7219985961914,161.30266596476238,154.02379974365235,63.88881728158667
460,2023-02-17 00:00:00-05:00,199.99000549316406,208.44000244140625,197.5,208.30999755859375,213738500,0.0,0.0,202.55499877929688,164.56833267211914,154.59359954833985,66.26860678263017
461,2023-02-21 00:00:00-05:00,204.99000549316406,209.7100067138672,197.22000122070312,197.3699951171875,180018600,0.0,0.0,202.81599884033204,167.37866592407227,155.06019958496094,58.96667551953867
462,2023-02-22 00:00:00-05:00,197.92999267578125,201.99000549316406,191.77999877929688,200.86000061035156,191828500,0.0,0.0,203.22099914550782,170.0816660563151,155.60859954833984,60.46333601957689
463,2023-02-23 00:00:00-05:00,203.91000366210938,205.13999938964844,196.3300018310547,202.07000732421875,146360000,0.0,0.0,203.29900054931642,172.85566635131835,156.06899963378908,60.99453641444391
464,2023-02-24 00:00:00-05:00,196.3300018310547,197.6699981689453,192.8000030517578,196.8800048828125,142228100,0.0,0.0,202.25500030517577,175.310999806722,156.65019958496094,57.43031997536119
465,2023-02-27 00:00:00-05:00,202.02999877929688,209.4199981689453,201.25999450683594,207.6300048828125,161028300,0.0,0.0,203.3290008544922,178.11333338419595,157.58379974365235,62.339258427633915
466,2023-02-28 00:00:00-05:00,210.58999633789062,211.22999572753906,203.75,205.7100067138672,153144900,0.0,0.0,204.43600158691407,180.8903335571289,158.56199981689454,60.98656796234306
467,2023-03-01 00:00:00-05:00,206.2100067138672,207.1999969482422,198.52000427246094,202.77000427246094,156852800,0.0,0.0,203.78800201416016,183.2663335164388,159.46399993896483,58.87971580078779
468,2023-03-02 00:00:00-05:00,186.74000549316406,193.75,186.00999450683594,190.89999389648438,181500700,0.0,0.0,201.4540008544922,185.33700002034504,160.27739990234375,51.190572641816466
469,2023-03-03 00:00:00-05:00,194.8000030517578,200.47999572753906,192.8800048828125,197.7899932861328,154193300,0.0,0.0,201.02900085449218,187.69099985758464,161.23579986572267,54.87431162398869
470,2023-03-06 00:00:00-05:00,198.5399932861328,198.60000610351562,192.3000030517578,193.80999755859375,128100100,0.0,0.0,199.5790008544922,189.7039998372396,162.3559997558594,52.41351063428069
471,2023-03-07 00:00:00-05:00,191.3800048828125,194.1999969482422,186.10000610351562,187.7100067138672,148125800,0.0,0.0,198.61300201416014,191.1693333943685,163.35879974365236,48.801323290045154
472,2023-03-08 00:00:00-05:00,185.0399932861328,186.5,180.0,182.0,151897800,0.0,0.0,196.727001953125,192.43966674804688,164.49179977416992,45.63116673784426
473,2023-03-09 00:00:00-05:00,180.25,185.17999267578125,172.50999450683594,172.9199981689453,170023800,0.0,0.0,193.81200103759767,193.38933359781902,165.48719970703124,41.0630772428278
474,2023-03-10 00:00:00-05:00,175.1300048828125,178.2899932861328,168.44000244140625,173.44000244140625,191488900,0.0,0.0,191.46800079345704,193.82833353678384,166.77399978637695,41.42473100000386
475,2023-03-13 00:00:00-04:00,167.4600067138672,177.35000610351562,163.91000366210938,174.47999572753906,167790300,0.0,0.0,188.1529998779297,193.714333597819,168.00939971923827,42.18878825581981
476,2023-03-14 00:00:00-04:00,177.30999755859375,183.8000030517578,177.13999938964844,183.25999450683594,143717900,0.0,0.0,185.90799865722656,194.26766662597657,169.23819961547852,48.31793568670946
477,2023-03-15 00:00:00-04:00,180.8000030517578,182.33999633789062,176.02999877929688,180.4499969482422,145995600,0.0,0.0,183.67599792480468,194.5086664835612,170.38359954833984,46.614577741784025
478,2023-03-16 00:00:00-04:00,180.3699951171875,185.80999755859375,178.83999633789062,184.1300048828125,121136800,0.0,0.0,182.9989990234375,194.59933319091797,171.90419967651368,49.14314519247927
479,2023-03-17 00:00:00-04:00,184.52000427246094,186.22000122070312,177.3300018310547,180.1300048828125,133197100,0.0,0.0,181.23300018310547,194.3279998779297,173.23399978637696,46.56162284331456
480,2023-03-20 00:00:00-04:00,178.0800018310547,186.44000244140625,176.35000610351562,183.25,129684400,0.0,0.0,180.1770004272461,194.10366668701172,174.69219985961914,48.819976874996605
481,2023-03-21 00:00:00-04:00,188.27999877929688,198.0,188.0399932861328,197.5800018310547,153391400,0.0,0.0,181.16399993896485,194.19766693115236,176.38259994506836,57.66864571879118
482,2023-03-22 00:00:00-04:00,199.3000030517578,200.66000366210938,190.9499969482422,191.14999389648438,150376400,0.0,0.0,182.0789993286133,194.00900014241537,177.81019989013672,53.222131603972
483,2023-03-23 00:00:00-04:00,195.25999450683594,199.30999755859375,188.64999389648438,192.22000122070312,144193900,0.0,0.0,184.00899963378907,193.7066670735677,179.27759994506835,53.85969055939145
484,2023-03-24 00:00:00-04:00,191.64999389648438,192.36000061035156,187.14999389648438,190.41000366210938,116531600,0.0,0.0,185.70599975585938,193.14300028483072,180.6213999938965,52.55481717079194
485,2023-03-27 00:00:00-04:00,194.4199981689453,197.38999938964844,189.94000244140625,191.80999755859375,120851600,0.0,0.0,187.43899993896486,192.97366689046223,181.9863999938965,53.49335623979458
486,2023-03-28 00:00:00-04:00,192.0,192.35000610351562,185.42999267578125,189.19000244140625,98654600,0.0,0.0,188.03200073242186,192.79200032552083,183.32220001220702,51.44247228817778
487,2023-03-29 00:00:00-04:00,193.1300048828125,195.2899932861328,189.44000244140625,193.8800048828125,123660000,0.0,0.0,189.3750015258789,192.27966715494793,184.57,54.78432660214186
488,2023-03-30 00:00:00-04:00,195.5800018310547,197.3300018310547,194.4199981689453,195.27999877929688,110252200,0.0,0.0,190.49000091552733,191.64766693115234,185.9,55.763036569549094
489,2023-03-31 00:00:00-04:00,197.52999877929688,207.7899932861328,197.1999969482422,207.4600067138672,169638500,0.0,0.0,193.2230010986328,191.82833404541014,187.50580017089842,63.22172514740252
490,2023-04-03 00:00:00-04:00,199.91000366210938,202.69000244140625,192.1999969482422,194.77000427246094,169545900,0.0,0.0,194.3750015258789,191.3770009358724,188.73280029296876,53.16411937027811
491,2023-04-04 00:00:00-04:00,197.32000732421875,198.74000549316406,190.32000732421875,192.5800018310547,126463800,0.0,0.0,193.8750015258789,191.2173344930013,189.70940032958984,51.637396604893
492,2023-04-05 00:00:00-04:00,190.52000427246094,190.67999267578125,183.75999450683594,185.52000427246094,133882500,0.0,0.0,193.31200256347657,190.70600128173828,190.54200042724608,46.95598186192431
493,2023-04-06 00:00:00-04:00,183.0800018310547,186.38999938964844,179.74000549316406,185.05999755859375,123857900,0.0,0.0,192.59600219726562,190.13900095621744,191.35460052490234,46.65916128092818
494,2023-04-10 00:00:00-04:00,179.94000244140625,185.10000610351562,176.11000061035156,184.50999450683594,142154600,0.0,0.0,192.0060012817383,189.72666727701824,191.83940032958984,46.282453087248506
495,2023-04-11 00:00:00-04:00,186.69000244140625,189.19000244140625,185.64999389648438,186.7899932861328,115770900,0.0,0.0,191.50400085449218,189.03200022379556,192.01720031738282,48.15124385261723
496,2023-04-12 00:00:00-04:00,190.74000549316406,191.5800018310547,180.30999755859375,180.5399932861328,150256300,0.0,0.0,190.63899993896484,188.19299977620443,192.29480010986327,43.66663734179906
497,2023-04-13 00:00:00-04:00,182.9600067138672,186.5,180.94000244140625,185.89999389648438,112933000,0.0,0.0,189.84099884033202,187.63066609700522,192.5483999633789,48.12849003672126
498,2023-04-14 00:00:00-04:00,183.9499969482422,186.27999877929688,182.00999450683594,185.0,96306500,0.0,0.0,188.81299896240233,187.43399963378906,192.62019989013672,47.44891834852557
499,2023-04-17 00:00:00-04:00,186.32000732421875,189.69000244140625,182.69000244140625,187.0399932861328,116662200,0.0,0.0,186.7709976196289,187.07566630045574,192.59559967041017,49.19986051993766
500,2023-04-18 00:00:00-04:00,187.14999389648438,187.69000244140625,183.5800018310547,184.30999755859375,92067000,0.0,0.0,185.7249969482422,186.75899963378907,192.48219970703124,46.945605720769315
501,2023-04-19 00:00:00-04:00,179.10000610351562,183.5,177.64999389648438,180.58999633789062,125732700,0.0,0.0,184.52599639892577,186.52166595458985,192.19879974365233,43.98800721986283
502,2023-04-20 00:00:00-04:00,166.1699981689453,169.6999969482422,160.55999755859375,162.99000549316406,210970800,0.0,0.0,182.2729965209961,185.88799947102865,191.52239990234375,33.299146548481446
503,2023-04-21 00:00:00-04:00,164.8000030517578,166.0,161.32000732421875,165.0800018310547,123352300,0.0,0.0,180.27499694824218,185.6266662597656,190.79820007324219,35.30942360385865
